-- MariaDB dump 10.19  Distrib 10.4.32-MariaDB, for Win64 (AMD64)
--
-- Host: localhost    Database: mambo_system_95
-- ------------------------------------------------------
-- Server version	10.4.32-MariaDB

/*!40101 SET @OLD_CHARACTER_SET_CLIENT=@@CHARACTER_SET_CLIENT */;
/*!40101 SET @OLD_CHARACTER_SET_RESULTS=@@CHARACTER_SET_RESULTS */;
/*!40101 SET @OLD_COLLATION_CONNECTION=@@COLLATION_CONNECTION */;
/*!40101 SET NAMES utf8mb4 */;
/*!40103 SET @OLD_TIME_ZONE=@@TIME_ZONE */;
/*!40103 SET TIME_ZONE='+00:00' */;
/*!40014 SET @OLD_UNIQUE_CHECKS=@@UNIQUE_CHECKS, UNIQUE_CHECKS=0 */;
/*!40014 SET @OLD_FOREIGN_KEY_CHECKS=@@FOREIGN_KEY_CHECKS, FOREIGN_KEY_CHECKS=0 */;
/*!40101 SET @OLD_SQL_MODE=@@SQL_MODE, SQL_MODE='NO_AUTO_VALUE_ON_ZERO' */;
/*!40111 SET @OLD_SQL_NOTES=@@SQL_NOTES, SQL_NOTES=0 */;

--
-- Table structure for table `ajustes_estoque`
--

DROP TABLE IF EXISTS `ajustes_estoque`;
/*!40101 SET @saved_cs_client     = @@character_set_client */;
/*!40101 SET character_set_client = utf8 */;
CREATE TABLE `ajustes_estoque` (
  `id` int(11) NOT NULL AUTO_INCREMENT,
  `produto_id` int(11) DEFAULT NULL,
  `quantidade_ajustada` int(11) DEFAULT NULL,
  `motivo` varchar(255) DEFAULT NULL,
  `ajustado_por` int(11) DEFAULT NULL,
  `data_ajuste` timestamp NOT NULL DEFAULT current_timestamp(),
  PRIMARY KEY (`id`),
  KEY `produto_id` (`produto_id`),
  KEY `ajustado_por` (`ajustado_por`),
  CONSTRAINT `ajustes_estoque_ibfk_1` FOREIGN KEY (`produto_id`) REFERENCES `produtos` (`id`),
  CONSTRAINT `ajustes_estoque_ibfk_2` FOREIGN KEY (`ajustado_por`) REFERENCES `usuarios` (`id`)
) ENGINE=InnoDB AUTO_INCREMENT=42 DEFAULT CHARSET=utf8mb4 COLLATE=utf8mb4_general_ci;
/*!40101 SET character_set_client = @saved_cs_client */;

--
-- Dumping data for table `ajustes_estoque`
--

LOCK TABLES `ajustes_estoque` WRITE;
/*!40000 ALTER TABLE `ajustes_estoque` DISABLE KEYS */;
INSERT INTO `ajustes_estoque` VALUES (2,128,100,'Nova entrada',12,'2025-06-09 09:48:12'),(3,430,100,'Nova entrada',12,'2025-06-09 10:00:29'),(4,129,200,'Nova entrada',12,'2025-06-09 10:01:26'),(5,129,-200,'Nova entrada',12,'2025-06-09 10:02:02'),(6,430,-50,'Nova entrada',12,'2025-06-12 06:44:36'),(7,430,100,'Nova entrada',12,'2025-06-12 06:44:51'),(8,430,-50,'Nova entrada',12,'2025-06-12 06:44:57'),(9,146,1,'alteracao de preco',12,'2025-06-15 14:24:43'),(10,131,1,'alteracao de preco',12,'2025-06-15 14:25:16'),(11,130,1,'alteracao de preco',12,'2025-06-15 14:29:18'),(12,144,1,'alteracao de preco',12,'2025-06-15 14:30:20'),(13,133,1,'alteracao de preco',12,'2025-06-15 14:31:01'),(14,137,1,'alteracao de preco',12,'2025-06-15 14:31:37'),(15,141,1,'alteracao de preco',12,'2025-06-15 14:38:55'),(16,136,1,'alteracao de preco',12,'2025-06-15 14:39:24'),(17,139,1,'alteracao de preco',12,'2025-06-15 14:39:56'),(18,345,1,'alteracao de preco',12,'2025-06-15 14:45:11'),(19,342,1,'alteracao de preco',12,'2025-06-15 14:47:57'),(20,324,1,'alteracao de preco',12,'2025-06-15 14:58:55'),(21,238,1,'alteracao de preco',12,'2025-06-15 14:59:27'),(22,192,1,'alteracao de preco',12,'2025-06-15 15:04:41'),(23,352,1,'1',12,'2025-06-15 15:05:44'),(24,340,1,'alteracao de preco',12,'2025-06-15 15:10:21'),(25,221,2,'alteracao de preco',12,'2025-06-15 15:22:34'),(26,182,1,'alteracao de preco',12,'2025-06-15 15:29:24'),(27,183,1,'alteracao de preco',12,'2025-06-15 15:48:46'),(28,371,1,'alteracao de preco',12,'2025-06-15 15:56:04'),(29,421,1,'alteracao de preco',12,'2025-06-15 15:56:19'),(30,203,1,'alteracao de preco',12,'2025-06-15 16:12:19'),(31,380,1,'alteracao de preco',12,'2025-06-15 16:16:04'),(32,360,1,'alteracao de preco',12,'2025-06-15 20:02:17'),(33,267,1,'alteracao de preco',19,'2025-06-16 07:36:27'),(34,239,1,'AJUSTE DO PRECO',12,'2025-06-16 16:12:58'),(35,228,1,'AJUSTE DO PRECO',12,'2025-06-16 16:13:20'),(36,219,1,'AJUSTE DO PRECO',12,'2025-06-16 16:13:39'),(37,244,1,'AJUSTE DO PRECO',12,'2025-06-16 16:14:56'),(38,145,1,'AJUSTE DO PRECO',12,'2025-06-16 16:15:17'),(39,376,1,'AJUSTE DO PRECO',12,'2025-06-16 16:15:37'),(40,190,1,'AJUSTE DO PRECO',12,'2025-06-16 16:21:05'),(41,203,100,'Novo estoque',12,'2025-06-24 14:36:00');
/*!40000 ALTER TABLE `ajustes_estoque` ENABLE KEYS */;
UNLOCK TABLES;

--
-- Table structure for table `carrinho_temp`
--

DROP TABLE IF EXISTS `carrinho_temp`;
/*!40101 SET @saved_cs_client     = @@character_set_client */;
/*!40101 SET character_set_client = utf8 */;
CREATE TABLE `carrinho_temp` (
  `id` int(11) NOT NULL AUTO_INCREMENT,
  `usuario_id` int(11) DEFAULT NULL,
  `produto_id` int(11) DEFAULT NULL,
  `nome` varchar(255) DEFAULT NULL,
  `preco` decimal(10,2) DEFAULT NULL,
  `quantidade` int(11) DEFAULT 1,
  PRIMARY KEY (`id`),
  UNIQUE KEY `usuario_id` (`usuario_id`,`produto_id`)
) ENGINE=InnoDB DEFAULT CHARSET=utf8mb4 COLLATE=utf8mb4_general_ci;
/*!40101 SET character_set_client = @saved_cs_client */;

--
-- Dumping data for table `carrinho_temp`
--

LOCK TABLES `carrinho_temp` WRITE;
/*!40000 ALTER TABLE `carrinho_temp` DISABLE KEYS */;
/*!40000 ALTER TABLE `carrinho_temp` ENABLE KEYS */;
UNLOCK TABLES;

--
-- Table structure for table `categorias`
--

DROP TABLE IF EXISTS `categorias`;
/*!40101 SET @saved_cs_client     = @@character_set_client */;
/*!40101 SET character_set_client = utf8 */;
CREATE TABLE `categorias` (
  `id` int(11) NOT NULL AUTO_INCREMENT,
  `nome` varchar(100) NOT NULL,
  PRIMARY KEY (`id`)
) ENGINE=InnoDB AUTO_INCREMENT=8 DEFAULT CHARSET=utf8mb4 COLLATE=utf8mb4_general_ci;
/*!40101 SET character_set_client = @saved_cs_client */;

--
-- Dumping data for table `categorias`
--

LOCK TABLES `categorias` WRITE;
/*!40000 ALTER TABLE `categorias` DISABLE KEYS */;
INSERT INTO `categorias` VALUES (1,'Bebidas'),(2,'Refrescos'),(3,'Limpeza'),(4,'Food'),(5,'Snacks'),(6,'Congelados'),(7,'Outros');
/*!40000 ALTER TABLE `categorias` ENABLE KEYS */;
UNLOCK TABLES;

--
-- Table structure for table `clientes`
--

DROP TABLE IF EXISTS `clientes`;
/*!40101 SET @saved_cs_client     = @@character_set_client */;
/*!40101 SET character_set_client = utf8 */;
CREATE TABLE `clientes` (
  `id` int(11) NOT NULL AUTO_INCREMENT,
  `nome` varchar(100) NOT NULL,
  `apelido` varchar(100) DEFAULT NULL,
  `telefone` varchar(20) NOT NULL,
  `telefone_alt` varchar(20) DEFAULT NULL,
  `email` varchar(100) DEFAULT NULL,
  `morada` varchar(255) DEFAULT NULL,
  PRIMARY KEY (`id`),
  UNIQUE KEY `telefone` (`telefone`)
) ENGINE=InnoDB AUTO_INCREMENT=8 DEFAULT CHARSET=utf8mb4 COLLATE=utf8mb4_general_ci;
/*!40101 SET character_set_client = @saved_cs_client */;

--
-- Dumping data for table `clientes`
--

LOCK TABLES `clientes` WRITE;
/*!40000 ALTER TABLE `clientes` DISABLE KEYS */;
INSERT INTO `clientes` VALUES (3,'Edson','Mambo','848541787','847705012','1234edclovesmambo@gmail.com','Aeroporto'),(4,'MAMBO','MAMBO','847705012','867705012','MARIA@GMAIL.COM','MAPUTO'),(5,'Edson Salomao','Mambo','867705012','867705012','maria@gmail.com','Mozambique'),(6,'MARIA ERNESTINA LOPES FERNANDES','','84100100','','djamilaernestina@gmail.com','CIDADE DE MAPUTO,'),(7,'Chilusca','Tembe','843891916','862791916','chilaluscatembe@gmail.com','Maputo');
/*!40000 ALTER TABLE `clientes` ENABLE KEYS */;
UNLOCK TABLES;

--
-- Table structure for table `configuracoes`
--

DROP TABLE IF EXISTS `configuracoes`;
/*!40101 SET @saved_cs_client     = @@character_set_client */;
/*!40101 SET character_set_client = utf8 */;
CREATE TABLE `configuracoes` (
  `id` int(11) NOT NULL AUTO_INCREMENT,
  `titulo` varchar(100) DEFAULT NULL,
  `nome_admin` varchar(100) DEFAULT NULL,
  `email_admin` varchar(100) DEFAULT NULL,
  `telefone_suporte` varchar(50) DEFAULT NULL,
  `endereco` varchar(255) DEFAULT NULL,
  `horario_atendimento` varchar(100) DEFAULT NULL,
  `website` varchar(150) DEFAULT NULL,
  `ssl_ativado` tinyint(1) DEFAULT 0,
  `limite_conexoes` int(11) DEFAULT 100,
  `tempo_expiracao` int(11) DEFAULT 30,
  `modo_exibicao` varchar(50) DEFAULT 'padrão',
  PRIMARY KEY (`id`)
) ENGINE=InnoDB AUTO_INCREMENT=2 DEFAULT CHARSET=utf8mb4 COLLATE=utf8mb4_general_ci;
/*!40101 SET character_set_client = @saved_cs_client */;

--
-- Dumping data for table `configuracoes`
--

LOCK TABLES `configuracoes` WRITE;
/*!40000 ALTER TABLE `configuracoes` DISABLE KEYS */;
INSERT INTO `configuracoes` VALUES (1,'Administrador','Edson Mambo','edsonmambo@epcompany.co.mz','+258 84 854 1787','Bairro Aeroporto A, Rua da Patria, Q10, Casa 531','08:00 às 22:00','https://www.epcompany.inc.co.mz',1,100,30,'normal');
/*!40000 ALTER TABLE `configuracoes` ENABLE KEYS */;
UNLOCK TABLES;

--
-- Table structure for table `cotacao_itens`
--

DROP TABLE IF EXISTS `cotacao_itens`;
/*!40101 SET @saved_cs_client     = @@character_set_client */;
/*!40101 SET character_set_client = utf8 */;
CREATE TABLE `cotacao_itens` (
  `id` int(11) NOT NULL AUTO_INCREMENT,
  `cotacao_id` int(11) DEFAULT NULL,
  `produto` varchar(255) DEFAULT NULL,
  `quantidade` int(11) DEFAULT NULL,
  `preco_unitario` decimal(10,2) DEFAULT NULL,
  PRIMARY KEY (`id`)
) ENGINE=InnoDB AUTO_INCREMENT=40 DEFAULT CHARSET=utf8mb4 COLLATE=utf8mb4_general_ci;
/*!40101 SET character_set_client = @saved_cs_client */;

--
-- Dumping data for table `cotacao_itens`
--

LOCK TABLES `cotacao_itens` WRITE;
/*!40000 ALTER TABLE `cotacao_itens` DISABLE KEYS */;
INSERT INTO `cotacao_itens` VALUES (1,1,'2M Grande 550ml',1,60.00),(2,2,'2M Grande 550ml',1,60.00),(3,3,'2M Grande 550ml',1,60.00),(4,4,'2M Grande 550ml',1,60.00),(5,5,'2M Grande 550ml',1,60.00),(6,6,'2M Grande 550ml',1,60.00),(7,7,'2M Grande 550ml',1,60.00),(8,7,'2M Grande 550ml',1,60.00),(9,7,'2M Grande 550ml',1,60.00),(10,8,'2M Grande 550ml',1,60.00),(11,9,'2M Grande 550ml',1,60.00),(12,10,'2M Grande 550ml',1,60.00),(13,11,'2M Grande 550ml',1,60.00),(14,12,'2M Grande 550ml',1,60.00),(15,12,'2M Grande 550ml',1,60.00),(16,12,'2M Grande 550ml',1,60.00),(17,13,'2M Grande 550ml',1,60.00),(18,14,'2M Grande 550ml',1,60.00),(19,15,'Test1',1,1500.00),(20,16,'2M Grande 550ml',1,60.00),(21,17,'2M Grande 550ml',1,60.00),(22,18,'2M Grande 550ml',1,60.00),(23,19,'Test1',1,1500.00),(24,20,'2M Grande 550ml',1,60.00),(25,20,'2M Grande 550ml',1,60.00),(26,21,'2M Grande 550ml',1,60.00),(27,22,'2M Grande 550ml',1,60.00),(28,23,'2M Grande 550ml',1,60.00),(29,23,'Impala 550ml',1,50.00),(30,24,'Impala 550ml',1,50.00),(31,24,'2M Grande 550ml',8,60.00),(32,25,'2M Grande 550ml',10,60.00),(33,25,'Impala 550ml',10,50.00),(34,26,'2M Grande 550ml',10,60.00),(35,26,'Impala 550ml',10,50.00),(36,27,'2M Grande 550ml',1,60.00),(37,27,'Impala 550ml',15,50.00),(38,28,'2M Grande 550ml',1,60.00),(39,29,'2M Grande 550ml',1,60.00);
/*!40000 ALTER TABLE `cotacao_itens` ENABLE KEYS */;
UNLOCK TABLES;

--
-- Table structure for table `cotacoes`
--

DROP TABLE IF EXISTS `cotacoes`;
/*!40101 SET @saved_cs_client     = @@character_set_client */;
/*!40101 SET character_set_client = utf8 */;
CREATE TABLE `cotacoes` (
  `id` int(11) NOT NULL AUTO_INCREMENT,
  `data_criacao` datetime DEFAULT NULL,
  `cliente_nome` varchar(255) DEFAULT NULL,
  `cliente_nuit` varchar(50) DEFAULT NULL,
  `cliente_morada` text DEFAULT NULL,
  `cliente_contacto` varchar(50) DEFAULT NULL,
  `cliente_email` varchar(100) DEFAULT NULL,
  `empresa_nome` varchar(255) DEFAULT NULL,
  `nuit` varchar(50) DEFAULT NULL,
  `morada` varchar(255) DEFAULT NULL,
  `contacto` varchar(50) DEFAULT NULL,
  `email` varchar(255) DEFAULT NULL,
  PRIMARY KEY (`id`)
) ENGINE=InnoDB AUTO_INCREMENT=30 DEFAULT CHARSET=utf8mb4 COLLATE=utf8mb4_general_ci;
/*!40101 SET character_set_client = @saved_cs_client */;

--
-- Dumping data for table `cotacoes`
--

LOCK TABLES `cotacoes` WRITE;
/*!40000 ALTER TABLE `cotacoes` DISABLE KEYS */;
INSERT INTO `cotacoes` VALUES (1,'2025-07-06 15:28:07',NULL,NULL,NULL,NULL,NULL,NULL,NULL,NULL,NULL,NULL),(2,'2025-07-06 15:31:28',NULL,NULL,NULL,NULL,NULL,NULL,NULL,NULL,NULL,NULL),(3,'2025-07-06 15:33:32',NULL,NULL,NULL,NULL,NULL,NULL,NULL,NULL,NULL,NULL),(4,'2025-07-06 15:34:32',NULL,NULL,NULL,NULL,NULL,NULL,NULL,NULL,NULL,NULL),(5,'2025-07-06 17:01:13',NULL,NULL,NULL,NULL,NULL,NULL,NULL,NULL,NULL,NULL),(6,'2025-07-07 09:00:01',NULL,NULL,NULL,NULL,NULL,NULL,NULL,NULL,NULL,NULL),(7,'2025-07-07 09:11:11',NULL,NULL,NULL,NULL,NULL,NULL,NULL,NULL,NULL,NULL),(8,'2025-07-07 09:14:44',NULL,NULL,NULL,NULL,NULL,NULL,NULL,NULL,NULL,NULL),(9,'2025-07-07 10:03:28',NULL,NULL,NULL,NULL,NULL,NULL,NULL,NULL,NULL,NULL),(10,'2025-07-07 10:05:08',NULL,NULL,NULL,NULL,NULL,NULL,NULL,NULL,NULL,NULL),(11,'2025-07-07 10:30:45',NULL,NULL,NULL,NULL,NULL,NULL,NULL,NULL,NULL,NULL),(12,'2025-07-07 10:42:23',NULL,NULL,NULL,NULL,NULL,NULL,NULL,NULL,NULL,NULL),(13,'2025-07-07 10:56:20',NULL,NULL,NULL,NULL,NULL,NULL,NULL,NULL,NULL,NULL),(14,'2025-07-07 10:59:24',NULL,NULL,NULL,NULL,NULL,NULL,NULL,NULL,NULL,NULL),(15,'2025-07-07 10:59:52',NULL,NULL,NULL,NULL,NULL,NULL,NULL,NULL,NULL,NULL),(16,'2025-07-07 11:04:55',NULL,NULL,NULL,NULL,NULL,NULL,NULL,NULL,NULL,NULL),(17,'2025-07-07 11:05:33',NULL,NULL,NULL,NULL,NULL,NULL,NULL,NULL,NULL,NULL),(18,'2025-07-07 11:06:32',NULL,NULL,NULL,NULL,NULL,NULL,NULL,NULL,NULL,NULL),(19,'2025-07-07 11:10:35',NULL,NULL,NULL,NULL,NULL,NULL,NULL,NULL,NULL,NULL),(20,'2025-07-07 11:16:56','edilson','404040440','Maputo','848541787','test@gmail.com',NULL,NULL,NULL,NULL,NULL),(21,'2025-07-07 11:20:51',NULL,NULL,NULL,NULL,NULL,'Mambo Service','404404490','Maputo','848541787','test@gmail.com'),(22,'2025-07-07 11:31:27',NULL,NULL,NULL,NULL,NULL,'Mambo Service','404404490','Maputo','848541787','edson@gmail.com'),(23,'2025-07-07 13:29:28',NULL,NULL,NULL,NULL,NULL,'Mambo Service','404404490','Maputo','848541787','chiluscatembe@gmail.com'),(24,'2025-07-07 13:38:42',NULL,NULL,NULL,NULL,NULL,'Mambo Service','404404490','Maputo','848541787','1234edclovesmambo@gmail.com'),(25,'2025-07-09 07:45:04',NULL,NULL,NULL,NULL,NULL,'DrinkLab 95','2020202020','Maputo','848541787','chiluscatembe@gmail.com'),(26,'2025-07-09 07:55:22',NULL,NULL,NULL,NULL,NULL,'Mambo Service','404404490','Maputo','848541787','1234edclovesmambo@gmail.com'),(27,'2025-07-09 08:06:32',NULL,NULL,NULL,NULL,NULL,'DrinkLab 95','404404490','Maputo','848541787','chiluscatembe@gmail.com'),(28,'2025-07-09 08:19:31',NULL,NULL,NULL,NULL,NULL,'DrinkLab 95','404404490','Maputo','848541787','1234edclovesmambo@gmail.com'),(29,'2025-07-09 08:30:04',NULL,NULL,NULL,NULL,NULL,'Mambo Service','404404490','Maputo','848541787','1234edclovesmambo@gmail.com');
/*!40000 ALTER TABLE `cotacoes` ENABLE KEYS */;
UNLOCK TABLES;

--
-- Table structure for table `facturas`
--

DROP TABLE IF EXISTS `facturas`;
/*!40101 SET @saved_cs_client     = @@character_set_client */;
/*!40101 SET character_set_client = utf8 */;
CREATE TABLE `facturas` (
  `id` int(11) NOT NULL AUTO_INCREMENT,
  `venda_id` int(11) NOT NULL,
  `tipo` enum('factura','cotacao') NOT NULL,
  `empresa_nome` varchar(255) DEFAULT NULL,
  `nuit` varchar(50) DEFAULT NULL,
  `morada` varchar(255) DEFAULT NULL,
  `contacto` varchar(50) DEFAULT NULL,
  `email` varchar(255) DEFAULT NULL,
  `data_emissao` datetime DEFAULT current_timestamp(),
  PRIMARY KEY (`id`)
) ENGINE=InnoDB AUTO_INCREMENT=26 DEFAULT CHARSET=utf8mb4 COLLATE=utf8mb4_general_ci;
/*!40101 SET character_set_client = @saved_cs_client */;

--
-- Dumping data for table `facturas`
--

LOCK TABLES `facturas` WRITE;
/*!40000 ALTER TABLE `facturas` DISABLE KEYS */;
INSERT INTO `facturas` VALUES (1,213,'factura','Mambo','404404490','Maputo','848541787','test@gmail.com','2025-07-06 09:54:23'),(2,213,'factura','Mambo','404404490','Maputo','848541787','test@gmail.com','2025-07-06 09:55:44'),(3,213,'factura','Mambo Service','404404490','Maputo','848541787','test@gmail.com','2025-07-06 10:02:27'),(4,213,'factura','Mambo','404404490','Maputo','848541787','test@gmail.com','2025-07-06 10:02:56'),(5,213,'factura','Mambo Service','130064647','Maputo','848541787','test@gmail.com','2025-07-06 10:09:07'),(6,210,'factura','PCE','4545445','Maputo','848541787','edson@gmail.com','2025-07-06 12:04:06'),(7,100,'factura','Mambo Service','404404490','Maputo','848541787','edson@gmail.com','2025-07-06 12:11:31'),(8,100,'factura','Mambo Service','404404490','Maputo','848541787','test@gmail.com','2025-07-07 09:19:35'),(9,25,'factura','Mambo Service','404404490','Maputo','848541787','test@gmail.com','2025-07-07 11:25:12'),(10,25,'factura','Mambo Service','404404490','Maputo','848541787','test@gmail.com','2025-07-07 11:25:55'),(11,10,'factura','Mambo Service','404404490','Maputo','848541787','test@gmail.com','2025-07-07 11:27:02'),(12,10,'factura','Mambo Service','404404490','Maputo','848541787','test@gmail.com','2025-07-07 11:29:17'),(13,50,'factura','Mambo Service','404404490','Maputo','848541787','1234edclovesmambo@gmail.com','2025-07-07 11:48:01'),(14,80,'factura','Mambo Service','404404490','Maputo','848541787','1234edclovesmambo@gmail.com','2025-07-07 11:57:32'),(15,5,'factura','Mambo Service','404404490','Maputo','848541787','1234edclovesmambo@gmail.com','2025-07-07 12:10:14'),(16,8,'factura','Mambo Service','404404490','Maputo','848541787','1234edclovesmambo@gmail.com','2025-07-07 12:27:35'),(17,8,'factura','Mambo Service','404404490','Maputo','848541787','1234edclovesmambo@gmail.com','2025-07-07 12:45:46'),(18,80,'factura','Mambo Service','404404490','Maputo','848541787','chiluscatembe@gmail.com','2025-07-07 13:07:53'),(19,200,'factura','Mambo Service','404404490','Maputo','848541787','chiluscatembe@gmail.com','2025-07-07 13:23:11'),(20,217,'factura','DrinkLab 95','2020202020','Maputo','848541787','1234edclovesmambo@gmail.com','2025-07-09 07:42:29'),(21,200,'factura','DrinkLab 95','404404490','Maputo','848541787','chiluscatembe@gmail.com','2025-07-09 08:08:41'),(22,217,'factura','Mambo Service','404404490','Maputo','848541787','1234edclovesmambo@gmail.com','2025-07-09 08:41:11'),(23,217,'factura','Mambo Service','404404490','Maputo','848541787','1234edclovesmambo@gmail.com','2025-07-09 08:43:16'),(24,45,'factura','Mambo Service','404404490','Maputo','848541787','1234edclovesmambo@gmail.com','2025-07-09 08:48:03'),(25,45,'factura','Mambo Service','404404490','Maputo','848541787','1234edclovesmambo@gmail.com','2025-07-09 08:48:31');
/*!40000 ALTER TABLE `facturas` ENABLE KEYS */;
UNLOCK TABLES;

--
-- Table structure for table `fechos`
--

DROP TABLE IF EXISTS `fechos`;
/*!40101 SET @saved_cs_client     = @@character_set_client */;
/*!40101 SET character_set_client = utf8 */;
CREATE TABLE `fechos` (
  `id` int(11) NOT NULL AUTO_INCREMENT,
  `usuario_id` int(11) NOT NULL,
  `data_fecho` datetime DEFAULT current_timestamp(),
  `total_vendas` int(11) DEFAULT 0,
  `total_valor` decimal(10,2) DEFAULT 0.00,
  `observacoes` text DEFAULT NULL,
  PRIMARY KEY (`id`)
) ENGINE=InnoDB AUTO_INCREMENT=7 DEFAULT CHARSET=utf8mb4 COLLATE=utf8mb4_general_ci;
/*!40101 SET character_set_client = @saved_cs_client */;

--
-- Dumping data for table `fechos`
--

LOCK TABLES `fechos` WRITE;
/*!40000 ALTER TABLE `fechos` DISABLE KEYS */;
INSERT INTO `fechos` VALUES (1,12,'2025-06-19 00:24:58',0,0.00,NULL),(2,12,'2025-06-19 00:30:04',0,NULL,NULL),(3,12,'2025-06-19 00:30:42',0,NULL,NULL),(4,12,'2025-06-19 00:39:40',2,3160.00,NULL),(5,12,'2025-06-20 20:13:41',10,8482.00,NULL),(6,12,'2025-06-24 10:15:24',0,NULL,NULL);
/*!40000 ALTER TABLE `fechos` ENABLE KEYS */;
UNLOCK TABLES;

--
-- Table structure for table `fechos_dia`
--

DROP TABLE IF EXISTS `fechos_dia`;
/*!40101 SET @saved_cs_client     = @@character_set_client */;
/*!40101 SET character_set_client = utf8 */;
CREATE TABLE `fechos_dia` (
  `id` int(11) NOT NULL AUTO_INCREMENT,
  `usuario_id` int(11) DEFAULT NULL,
  `data_inicio` datetime DEFAULT NULL,
  `data_fecho` datetime DEFAULT current_timestamp(),
  `total_vendas` decimal(10,2) DEFAULT NULL,
  `total_transacoes` int(11) DEFAULT NULL,
  `observacoes` text DEFAULT NULL,
  PRIMARY KEY (`id`),
  KEY `usuario_id` (`usuario_id`),
  CONSTRAINT `fechos_dia_ibfk_1` FOREIGN KEY (`usuario_id`) REFERENCES `usuarios` (`id`)
) ENGINE=InnoDB AUTO_INCREMENT=8 DEFAULT CHARSET=utf8mb4 COLLATE=utf8mb4_general_ci;
/*!40101 SET character_set_client = @saved_cs_client */;

--
-- Dumping data for table `fechos_dia`
--

LOCK TABLES `fechos_dia` WRITE;
/*!40000 ALTER TABLE `fechos_dia` DISABLE KEYS */;
INSERT INTO `fechos_dia` VALUES (1,12,NULL,'2025-06-12 23:23:24',3760.00,7,'Fecho automático do dia'),(2,12,NULL,'2025-06-12 23:40:59',3760.00,7,'Fecho automático do dia'),(3,12,NULL,'2025-06-12 23:41:32',3760.00,7,'Fecho automático do dia'),(4,12,NULL,'2025-06-12 23:42:58',3760.00,7,'Fecho automático do dia'),(5,12,NULL,'2025-06-12 23:46:08',3760.00,7,'Fecho automático do dia'),(6,12,NULL,'2025-06-14 09:28:15',0.00,0,'Fecho automático do dia'),(7,12,NULL,'2025-06-14 18:31:43',0.00,1,'Fecho automático do dia');
/*!40000 ALTER TABLE `fechos_dia` ENABLE KEYS */;
UNLOCK TABLES;

--
-- Table structure for table `inventario_fisico`
--

DROP TABLE IF EXISTS `inventario_fisico`;
/*!40101 SET @saved_cs_client     = @@character_set_client */;
/*!40101 SET character_set_client = utf8 */;
CREATE TABLE `inventario_fisico` (
  `id` int(11) NOT NULL AUTO_INCREMENT,
  `produto_id` int(11) DEFAULT NULL,
  `quantidade_fisica` int(11) DEFAULT NULL,
  `data_registro` date DEFAULT NULL,
  `registrado_por` int(11) DEFAULT NULL,
  PRIMARY KEY (`id`),
  KEY `produto_id` (`produto_id`),
  CONSTRAINT `inventario_fisico_ibfk_1` FOREIGN KEY (`produto_id`) REFERENCES `produtos` (`id`)
) ENGINE=InnoDB AUTO_INCREMENT=1387 DEFAULT CHARSET=utf8mb4 COLLATE=utf8mb4_general_ci;
/*!40101 SET character_set_client = @saved_cs_client */;

--
-- Dumping data for table `inventario_fisico`
--

LOCK TABLES `inventario_fisico` WRITE;
/*!40000 ALTER TABLE `inventario_fisico` DISABLE KEYS */;
INSERT INTO `inventario_fisico` VALUES (1,203,4,NULL,NULL),(2,131,4,NULL,NULL),(3,130,4,NULL,NULL),(4,319,44,NULL,NULL),(5,442,4,NULL,NULL),(6,438,4,NULL,NULL),(7,419,4,NULL,NULL),(8,323,4,NULL,NULL),(9,322,4,NULL,NULL),(10,236,4,NULL,NULL),(11,176,4,NULL,NULL),(12,336,64,NULL,NULL),(13,472,46,NULL,NULL),(14,469,4,NULL,NULL),(15,482,4,NULL,NULL),(16,158,4,NULL,NULL),(17,470,54,NULL,NULL),(18,175,5,NULL,NULL),(19,471,5,NULL,NULL),(20,223,5,NULL,NULL),(21,461,5,NULL,NULL),(22,501,4,NULL,NULL),(23,402,3,NULL,NULL),(24,257,3,NULL,NULL),(25,293,3,NULL,NULL),(26,463,3,NULL,NULL),(27,332,4,NULL,NULL),(28,400,6,NULL,NULL),(29,430,6,NULL,NULL),(30,448,7,NULL,NULL),(31,246,3,NULL,NULL),(32,240,3,NULL,NULL),(33,443,3,NULL,NULL),(34,507,2,NULL,NULL),(35,537,2,NULL,NULL),(36,200,3,NULL,NULL),(37,377,3,NULL,NULL),(38,376,3,NULL,NULL),(39,415,3,NULL,NULL),(40,310,6,NULL,NULL),(41,327,66,NULL,NULL),(42,346,4,NULL,NULL),(43,139,1,NULL,NULL),(44,259,343,NULL,NULL),(45,215,4114,NULL,NULL),(46,369,43,NULL,NULL),(47,368,3,NULL,NULL),(48,367,44,NULL,NULL),(49,391,4,NULL,NULL),(50,475,4,NULL,NULL),(51,213,4,NULL,NULL),(52,233,4,NULL,NULL),(53,474,4,NULL,NULL),(54,273,5,NULL,NULL),(55,234,5,NULL,NULL),(56,412,4,NULL,NULL),(57,272,5,NULL,NULL),(58,231,4,NULL,NULL),(59,279,5,NULL,NULL),(60,232,4,NULL,NULL),(61,214,5,NULL,NULL),(62,278,4,NULL,NULL),(63,427,4,NULL,NULL),(64,242,5,NULL,NULL),(65,136,5,NULL,NULL),(66,395,6,NULL,NULL),(67,296,3,NULL,NULL),(68,437,4,NULL,NULL),(69,431,4,NULL,NULL),(70,428,56,NULL,NULL),(71,220,6,NULL,NULL),(72,515,3,NULL,NULL),(73,316,3,NULL,NULL),(74,352,4,NULL,NULL),(75,226,4,NULL,NULL),(76,227,6,NULL,NULL),(77,341,6,NULL,NULL),(78,350,2,NULL,NULL),(79,287,1,NULL,NULL),(80,503,3,NULL,NULL),(81,294,5,NULL,NULL),(82,307,6,NULL,NULL),(83,436,67,NULL,NULL),(84,434,7,NULL,NULL),(85,199,4,NULL,NULL),(86,178,3,NULL,NULL),(87,491,3,NULL,NULL),(88,269,3,NULL,NULL),(89,177,4,NULL,NULL),(90,304,3,NULL,NULL),(91,552,4,NULL,NULL),(92,551,3,NULL,NULL),(93,187,4,NULL,NULL),(94,481,3,NULL,NULL),(95,394,4,NULL,NULL),(96,284,5,NULL,NULL),(97,186,3,NULL,NULL),(98,338,3,NULL,NULL),(99,380,5,NULL,NULL),(100,516,3,NULL,NULL),(101,303,2,NULL,NULL),(102,374,2,NULL,NULL),(103,373,5,NULL,NULL),(104,160,5,NULL,NULL),(105,153,3,NULL,NULL),(106,540,3,NULL,NULL),(107,241,3,NULL,NULL),(108,174,4,NULL,NULL),(109,275,5,NULL,NULL),(110,355,6,NULL,NULL),(111,462,3,NULL,NULL),(112,195,3,NULL,NULL),(113,235,3,NULL,NULL),(114,458,3,NULL,NULL),(115,217,3,NULL,NULL),(116,216,3,NULL,NULL),(117,550,45,NULL,NULL),(118,166,4,NULL,NULL),(119,433,5,NULL,NULL),(120,337,3,NULL,NULL),(121,520,4,NULL,NULL),(122,519,4,NULL,NULL),(123,264,34,NULL,NULL),(124,141,4,NULL,NULL),(125,384,3,NULL,NULL),(126,382,34,NULL,NULL),(127,169,4,NULL,NULL),(128,165,43,NULL,NULL),(129,149,43,NULL,NULL),(130,467,3,NULL,NULL),(131,468,3,NULL,NULL),(132,452,33,NULL,NULL),(133,444,3,NULL,NULL),(134,308,43,NULL,NULL),(135,490,3,NULL,NULL),(136,194,43,NULL,NULL),(137,489,3,NULL,NULL),(138,525,334,NULL,NULL),(139,330,34,NULL,NULL),(140,488,4,NULL,NULL),(141,523,4,NULL,NULL),(142,245,3,NULL,NULL),(143,289,3,NULL,NULL),(144,224,3,NULL,NULL),(145,229,33,NULL,NULL),(146,150,43,NULL,NULL),(147,505,3,NULL,NULL),(148,483,34,NULL,NULL),(149,548,4,NULL,NULL),(150,544,4,NULL,NULL),(151,545,43,NULL,NULL),(152,435,3,NULL,NULL),(153,266,3,NULL,NULL),(154,211,345,NULL,NULL),(155,370,5,NULL,NULL),(156,404,353,NULL,NULL),(157,405,53,NULL,NULL),(158,410,3,NULL,NULL),(159,409,4,NULL,NULL),(160,423,4,NULL,NULL),(161,418,3,NULL,NULL),(162,171,3,NULL,NULL),(163,478,43,NULL,NULL),(164,416,4,NULL,NULL),(165,383,43,NULL,NULL),(166,389,3,NULL,NULL),(167,386,3,NULL,NULL),(168,477,343,NULL,NULL),(169,156,3,NULL,NULL),(170,154,3,NULL,NULL),(171,455,34,NULL,NULL),(172,164,34,NULL,NULL),(173,163,34,NULL,NULL),(174,162,34,NULL,NULL),(175,305,34,NULL,NULL),(176,479,34,NULL,NULL),(177,140,34,NULL,NULL),(178,521,1,NULL,NULL),(179,295,12,NULL,NULL),(180,328,12,NULL,NULL),(181,285,221,NULL,NULL),(182,326,2,NULL,NULL),(183,209,2,NULL,NULL),(184,208,2,NULL,NULL),(185,504,4,NULL,NULL),(186,250,4,NULL,NULL),(187,393,3,NULL,NULL),(188,286,43,NULL,NULL),(189,297,43,NULL,NULL),(190,388,43,NULL,NULL),(191,379,4343,NULL,NULL),(192,301,4,NULL,NULL),(193,300,3,NULL,NULL),(194,290,43,NULL,NULL),(195,298,4,NULL,NULL),(196,299,4,NULL,NULL),(197,365,33,NULL,NULL),(198,371,4,NULL,NULL),(199,421,3,NULL,NULL),(200,502,43,NULL,NULL),(201,378,43,NULL,NULL),(202,510,43,NULL,NULL),(203,270,43,NULL,NULL),(204,325,5,NULL,NULL),(205,249,35,NULL,NULL),(206,356,4,NULL,NULL),(207,459,45,NULL,NULL),(208,493,4,NULL,NULL),(209,145,54,NULL,NULL),(210,204,54,NULL,NULL),(211,144,5,NULL,NULL),(212,492,54,NULL,NULL),(213,138,5,NULL,NULL),(214,137,4,NULL,NULL),(215,183,54,NULL,NULL),(216,499,54,NULL,NULL),(217,143,5,NULL,NULL),(218,509,4,NULL,NULL),(219,320,5,NULL,NULL),(220,189,5,NULL,NULL),(221,222,5,NULL,NULL),(222,210,65,NULL,NULL),(223,401,6,NULL,NULL),(224,399,6,NULL,NULL),(225,381,65,NULL,NULL),(226,457,342,NULL,NULL),(227,398,3,NULL,NULL),(228,407,33,NULL,NULL),(229,133,3,NULL,NULL),(230,179,34,NULL,NULL),(231,132,4,NULL,NULL),(232,539,43,NULL,NULL),(233,460,4,NULL,NULL),(234,321,43,NULL,NULL),(235,191,43,NULL,NULL),(236,172,34,NULL,NULL),(237,268,34,NULL,NULL),(238,134,34,NULL,NULL),(239,135,34,NULL,NULL),(240,480,34,NULL,NULL),(241,348,34,NULL,NULL),(242,267,43,NULL,NULL),(243,445,34,NULL,NULL),(244,553,34,NULL,NULL),(245,555,34,NULL,NULL),(246,230,34,NULL,NULL),(247,146,43,NULL,NULL),(248,422,34,NULL,NULL),(249,396,34,NULL,NULL),(250,218,43,NULL,NULL),(251,406,34,NULL,NULL),(252,271,43,NULL,NULL),(253,129,34,NULL,NULL),(254,247,34,NULL,NULL),(255,456,3,NULL,NULL),(256,281,34,NULL,NULL),(257,496,34,NULL,NULL),(258,361,3,NULL,NULL),(259,524,3,NULL,NULL),(260,351,4,NULL,NULL),(261,315,3,NULL,NULL),(262,392,4,NULL,NULL),(263,228,4,NULL,NULL),(264,244,4,NULL,NULL),(265,538,4,NULL,NULL),(266,446,3,NULL,NULL),(267,514,434,NULL,NULL),(268,151,34,NULL,NULL),(269,403,34,NULL,NULL),(270,147,43,NULL,NULL),(271,366,34,NULL,NULL),(272,363,34,NULL,NULL),(273,362,34,NULL,NULL),(274,528,43,NULL,NULL),(275,185,34,NULL,NULL),(276,414,43,NULL,NULL),(277,309,43,NULL,NULL),(278,357,43,NULL,NULL),(279,413,34,NULL,NULL),(280,318,43,NULL,NULL),(281,317,34,NULL,NULL),(282,276,34,NULL,NULL),(283,277,43,NULL,NULL),(284,372,34,NULL,NULL),(285,447,34,NULL,NULL),(286,192,34,NULL,NULL),(287,212,34,NULL,NULL),(288,262,34,NULL,NULL),(289,364,43,NULL,NULL),(290,302,34,NULL,NULL),(291,188,43,NULL,NULL),(292,243,34,NULL,NULL),(293,506,34,NULL,NULL),(294,196,34,NULL,NULL),(295,190,43,NULL,NULL),(296,197,34,NULL,NULL),(297,238,34,NULL,NULL),(298,425,43,NULL,NULL),(299,424,43,NULL,NULL),(300,354,34,NULL,NULL),(301,453,34,NULL,NULL),(302,486,34,NULL,NULL),(303,349,43,NULL,NULL),(304,254,43,NULL,NULL),(305,260,43,NULL,NULL),(306,291,34,NULL,NULL),(307,420,43,NULL,NULL),(308,206,34,NULL,NULL),(309,495,34,NULL,NULL),(310,207,43,NULL,NULL),(311,170,34,NULL,NULL),(312,225,43,NULL,NULL),(313,221,34,NULL,NULL),(314,265,43,NULL,NULL),(315,451,34,NULL,NULL),(316,358,34,NULL,NULL),(317,280,34,NULL,NULL),(318,329,34,NULL,NULL),(319,426,34,NULL,NULL),(320,239,43,NULL,NULL),(321,201,34,NULL,NULL),(322,331,43,NULL,NULL),(323,202,34,NULL,NULL),(324,487,43,NULL,NULL),(325,340,34,NULL,NULL),(326,288,34,NULL,NULL),(327,339,34,NULL,NULL),(328,258,34,NULL,NULL),(329,142,34,NULL,NULL),(330,159,34,NULL,NULL),(331,148,43,NULL,NULL),(332,198,34,NULL,NULL),(333,342,34,NULL,NULL),(334,549,34,NULL,NULL),(335,547,34,NULL,NULL),(336,541,43,NULL,NULL),(337,546,34,NULL,NULL),(338,411,43,NULL,NULL),(339,237,43,NULL,NULL),(340,464,34,NULL,NULL),(341,531,34,NULL,NULL),(342,168,43,NULL,NULL),(343,157,34,NULL,NULL),(344,518,43,NULL,NULL),(345,205,43,NULL,NULL),(346,167,34,NULL,NULL),(347,161,34,NULL,NULL),(348,155,34,NULL,NULL),(349,417,34,NULL,NULL),(350,335,34,NULL,NULL),(351,313,34,NULL,NULL),(352,500,34,NULL,NULL),(353,306,34,NULL,NULL),(354,508,43,NULL,NULL),(355,347,43,NULL,NULL),(356,324,34,NULL,NULL),(357,334,4343,NULL,NULL),(358,314,34,NULL,NULL),(359,494,34,NULL,NULL),(360,512,43,NULL,NULL),(361,397,43,NULL,NULL),(362,292,34,NULL,NULL),(363,152,43,NULL,NULL),(364,497,34,NULL,NULL),(365,484,34,NULL,NULL),(366,498,34,NULL,NULL),(367,274,34,NULL,NULL),(368,311,43,NULL,NULL),(369,173,34,NULL,NULL),(370,128,3443,NULL,NULL),(371,248,34,NULL,NULL),(372,466,34,NULL,NULL),(373,263,43,NULL,NULL),(374,333,34,NULL,NULL),(375,312,43,NULL,NULL),(376,390,34,NULL,NULL),(377,193,43,NULL,NULL),(378,360,34,NULL,NULL),(379,449,3434,NULL,NULL),(380,375,34,NULL,NULL),(381,454,343,NULL,NULL),(382,513,43,NULL,NULL),(383,182,3,NULL,NULL),(384,180,34,NULL,NULL),(385,181,34,NULL,NULL),(386,219,34,NULL,NULL),(387,408,34,NULL,NULL),(388,184,34,NULL,NULL),(389,283,43,NULL,NULL),(390,353,34,NULL,NULL),(391,282,34,NULL,NULL),(392,359,34,NULL,NULL),(393,253,43,NULL,NULL),(394,345,34,NULL,NULL),(395,343,34,NULL,NULL),(396,255,34,NULL,NULL),(397,252,34,NULL,NULL),(398,256,34,NULL,NULL),(399,344,34,NULL,NULL),(400,251,3434,NULL,NULL),(401,261,34,NULL,NULL),(402,385,34,NULL,NULL),(403,387,34,NULL,NULL),(404,203,1,NULL,NULL),(405,131,1,NULL,NULL),(406,130,1,NULL,NULL),(407,319,1,NULL,NULL),(408,442,1,NULL,NULL),(409,438,1,NULL,NULL),(410,419,1,NULL,NULL),(411,323,1,NULL,NULL),(412,322,1,NULL,NULL),(413,236,1,NULL,NULL),(414,176,11,NULL,NULL),(415,336,1,NULL,NULL),(416,472,11,NULL,NULL),(417,469,1,NULL,NULL),(418,482,1,NULL,NULL),(419,158,1,NULL,NULL),(420,470,1,NULL,NULL),(421,175,1,NULL,NULL),(422,471,1,NULL,NULL),(423,223,1,NULL,NULL),(424,461,1,NULL,NULL),(425,501,1,NULL,NULL),(426,402,1,NULL,NULL),(427,257,1,NULL,NULL),(428,293,1,NULL,NULL),(429,463,1,NULL,NULL),(430,332,1,NULL,NULL),(431,400,1,NULL,NULL),(432,430,1,NULL,NULL),(433,448,1,NULL,NULL),(434,246,11,NULL,NULL),(435,240,1,NULL,NULL),(436,443,1,NULL,NULL),(437,507,1,NULL,NULL),(438,537,1,NULL,NULL),(439,200,1,NULL,NULL),(440,377,1,NULL,NULL),(441,376,1,NULL,NULL),(442,415,1,NULL,NULL),(443,310,1,NULL,NULL),(444,327,1,NULL,NULL),(445,346,1,NULL,NULL),(446,139,1,NULL,NULL),(447,259,1,NULL,NULL),(448,215,1,NULL,NULL),(449,369,1,NULL,NULL),(450,368,1,NULL,NULL),(451,367,1,NULL,NULL),(452,391,1,NULL,NULL),(453,475,1,NULL,NULL),(454,213,1,NULL,NULL),(455,233,1,NULL,NULL),(456,474,1,NULL,NULL),(457,273,1,NULL,NULL),(458,234,1,NULL,NULL),(459,412,1,NULL,NULL),(460,272,1,NULL,NULL),(461,231,1,NULL,NULL),(462,279,1,NULL,NULL),(463,232,1,NULL,NULL),(464,214,1,NULL,NULL),(465,278,1,NULL,NULL),(466,427,1,NULL,NULL),(467,242,11,NULL,NULL),(468,136,1,NULL,NULL),(469,395,1,NULL,NULL),(470,296,1,NULL,NULL),(471,437,1,NULL,NULL),(472,431,1,NULL,NULL),(473,428,1,NULL,NULL),(474,220,1,NULL,NULL),(475,515,11,NULL,NULL),(476,316,1,NULL,NULL),(477,352,1,NULL,NULL),(478,226,1,NULL,NULL),(479,227,1,NULL,NULL),(480,341,1,NULL,NULL),(481,350,11,NULL,NULL),(482,287,11,NULL,NULL),(483,503,1,NULL,NULL),(484,294,11,NULL,NULL),(485,307,1,NULL,NULL),(486,436,1,NULL,NULL),(487,434,1,NULL,NULL),(488,199,1,NULL,NULL),(489,178,1,NULL,NULL),(490,491,1,NULL,NULL),(491,269,1,NULL,NULL),(492,177,1,NULL,NULL),(493,304,1,NULL,NULL),(494,552,11,NULL,NULL),(495,551,1,NULL,NULL),(496,187,11111111,NULL,NULL),(497,481,1,NULL,NULL),(498,394,1,NULL,NULL),(499,284,1,NULL,NULL),(500,186,1,NULL,NULL),(501,338,1,NULL,NULL),(502,380,1,NULL,NULL),(503,516,1,NULL,NULL),(504,303,1,NULL,NULL),(505,374,11,NULL,NULL),(506,373,1,NULL,NULL),(507,160,1,NULL,NULL),(508,153,1,NULL,NULL),(509,540,1,NULL,NULL),(510,241,11,NULL,NULL),(511,174,1,NULL,NULL),(512,275,1,NULL,NULL),(513,355,11,NULL,NULL),(514,462,1,NULL,NULL),(515,195,1,NULL,NULL),(516,235,1,NULL,NULL),(517,458,11,NULL,NULL),(518,217,1,NULL,NULL),(519,216,1,NULL,NULL),(520,550,1,NULL,NULL),(521,166,1,NULL,NULL),(522,433,11,NULL,NULL),(523,337,1,NULL,NULL),(524,520,1,NULL,NULL),(525,519,1,NULL,NULL),(526,264,1,NULL,NULL),(527,141,1,NULL,NULL),(528,384,1,NULL,NULL),(529,382,1,NULL,NULL),(530,169,1,NULL,NULL),(531,165,1,NULL,NULL),(532,149,1,NULL,NULL),(533,467,1,NULL,NULL),(534,468,1,NULL,NULL),(535,452,1,NULL,NULL),(536,444,1,NULL,NULL),(537,308,11,NULL,NULL),(538,490,1,NULL,NULL),(539,194,1,NULL,NULL),(540,489,11,NULL,NULL),(541,525,1,NULL,NULL),(542,330,1,NULL,NULL),(543,488,1,NULL,NULL),(544,523,11,NULL,NULL),(545,245,11,NULL,NULL),(546,289,1,NULL,NULL),(547,224,1,NULL,NULL),(548,229,11,NULL,NULL),(549,150,1,NULL,NULL),(550,505,1,NULL,NULL),(551,483,1,NULL,NULL),(552,548,1,NULL,NULL),(553,544,1,NULL,NULL),(554,545,1,NULL,NULL),(555,435,1,NULL,NULL),(556,266,1,NULL,NULL),(557,211,1,NULL,NULL),(558,370,1,NULL,NULL),(559,404,1,NULL,NULL),(560,405,1,NULL,NULL),(561,410,1,NULL,NULL),(562,409,1,NULL,NULL),(563,423,1,NULL,NULL),(564,418,1,NULL,NULL),(565,171,11,NULL,NULL),(566,478,1,NULL,NULL),(567,416,1,NULL,NULL),(568,383,1,NULL,NULL),(569,389,11,NULL,NULL),(570,386,1,NULL,NULL),(571,477,1,NULL,NULL),(572,156,1,NULL,NULL),(573,154,1,NULL,NULL),(574,455,1,NULL,NULL),(575,164,1,NULL,NULL),(576,163,1,NULL,NULL),(577,162,1,NULL,NULL),(578,305,1,NULL,NULL),(579,479,1,NULL,NULL),(580,140,1,NULL,NULL),(581,521,1,NULL,NULL),(582,295,11,NULL,NULL),(583,328,1,NULL,NULL),(584,285,1,NULL,NULL),(585,326,1,NULL,NULL),(586,209,11,NULL,NULL),(587,208,1,NULL,NULL),(588,504,1,NULL,NULL),(589,250,1,NULL,NULL),(590,393,1,NULL,NULL),(591,286,11,NULL,NULL),(592,297,1,NULL,NULL),(593,388,1,NULL,NULL),(594,379,1,NULL,NULL),(595,301,1,NULL,NULL),(596,300,1,NULL,NULL),(597,290,1,NULL,NULL),(598,298,11,NULL,NULL),(599,299,1,NULL,NULL),(600,365,1,NULL,NULL),(601,371,11,NULL,NULL),(602,421,1,NULL,NULL),(603,502,1,NULL,NULL),(604,378,11,NULL,NULL),(605,510,1,NULL,NULL),(606,270,1,NULL,NULL),(607,325,1,NULL,NULL),(608,249,1,NULL,NULL),(609,356,1,NULL,NULL),(610,459,1,NULL,NULL),(611,493,11,NULL,NULL),(612,145,1,NULL,NULL),(613,204,111,NULL,NULL),(614,144,1,NULL,NULL),(615,492,11,NULL,NULL),(616,138,1,NULL,NULL),(617,137,11,NULL,NULL),(618,183,1,NULL,NULL),(619,499,1,NULL,NULL),(620,143,1,NULL,NULL),(621,509,11,NULL,NULL),(622,320,1,NULL,NULL),(623,189,1,NULL,NULL),(624,222,1,NULL,NULL),(625,210,1,NULL,NULL),(626,401,1,NULL,NULL),(627,399,11,NULL,NULL),(628,381,1,NULL,NULL),(629,457,1,NULL,NULL),(630,398,1,NULL,NULL),(631,407,111,NULL,NULL),(632,133,1,NULL,NULL),(633,179,1,NULL,NULL),(634,132,1,NULL,NULL),(635,539,1,NULL,NULL),(636,460,1,NULL,NULL),(637,321,1,NULL,NULL),(638,191,1,NULL,NULL),(639,172,1,NULL,NULL),(640,268,1,NULL,NULL),(641,134,1,NULL,NULL),(642,135,1,NULL,NULL),(643,480,1,NULL,NULL),(644,348,1,NULL,NULL),(645,267,1,NULL,NULL),(646,445,1,NULL,NULL),(647,553,1,NULL,NULL),(648,555,1,NULL,NULL),(649,230,1,NULL,NULL),(650,146,1,NULL,NULL),(651,422,1,NULL,NULL),(652,396,1,NULL,NULL),(653,218,1,NULL,NULL),(654,406,11,NULL,NULL),(655,271,1,NULL,NULL),(656,129,1,NULL,NULL),(657,247,1,NULL,NULL),(658,456,1,NULL,NULL),(659,281,1,NULL,NULL),(660,496,1,NULL,NULL),(661,361,1,NULL,NULL),(662,524,1,NULL,NULL),(663,351,11,NULL,NULL),(664,315,1,NULL,NULL),(665,392,1,NULL,NULL),(666,228,1,NULL,NULL),(667,244,1,NULL,NULL),(668,538,11,NULL,NULL),(669,446,1,NULL,NULL),(670,514,1,NULL,NULL),(671,151,1,NULL,NULL),(672,403,1,NULL,NULL),(673,147,1,NULL,NULL),(674,366,1,NULL,NULL),(675,363,11,NULL,NULL),(676,362,1,NULL,NULL),(677,528,1,NULL,NULL),(678,185,11,NULL,NULL),(679,414,1,NULL,NULL),(680,309,11,NULL,NULL),(681,357,11,NULL,NULL),(682,413,1,NULL,NULL),(683,318,1,NULL,NULL),(684,317,1,NULL,NULL),(685,276,1,NULL,NULL),(686,277,1,NULL,NULL),(687,372,11,NULL,NULL),(688,447,1,NULL,NULL),(689,192,11,NULL,NULL),(690,212,1,NULL,NULL),(691,262,1,NULL,NULL),(692,364,1,NULL,NULL),(693,302,11,NULL,NULL),(694,188,1,NULL,NULL),(695,243,1,NULL,NULL),(696,506,11,NULL,NULL),(697,196,1,NULL,NULL),(698,190,1,NULL,NULL),(699,197,1,NULL,NULL),(700,238,11,NULL,NULL),(701,425,11,NULL,NULL),(702,424,11,NULL,NULL),(703,354,1,NULL,NULL),(704,453,11,NULL,NULL),(705,486,1,NULL,NULL),(706,349,1,NULL,NULL),(707,254,1,NULL,NULL),(708,260,1,NULL,NULL),(709,291,1,NULL,NULL),(710,420,1,NULL,NULL),(711,206,1,NULL,NULL),(712,495,1,NULL,NULL),(713,207,1,NULL,NULL),(714,170,1,NULL,NULL),(715,225,1,NULL,NULL),(716,221,1,NULL,NULL),(717,265,1,NULL,NULL),(718,451,1,NULL,NULL),(719,358,1,NULL,NULL),(720,280,11,NULL,NULL),(721,329,1,NULL,NULL),(722,426,1,NULL,NULL),(723,239,1,NULL,NULL),(724,201,1,NULL,NULL),(725,331,1,NULL,NULL),(726,202,1,NULL,NULL),(727,487,1,NULL,NULL),(728,340,1,NULL,NULL),(729,288,1,NULL,NULL),(730,339,1,NULL,NULL),(731,258,1,NULL,NULL),(732,142,1,NULL,NULL),(733,159,1,NULL,NULL),(734,148,1,NULL,NULL),(735,198,1,NULL,NULL),(736,342,1,NULL,NULL),(737,549,11,NULL,NULL),(738,547,1,NULL,NULL),(739,541,11,NULL,NULL),(740,546,1,NULL,NULL),(741,411,1,NULL,NULL),(742,237,1,NULL,NULL),(743,464,1,NULL,NULL),(744,531,1,NULL,NULL),(745,168,1,NULL,NULL),(746,157,1,NULL,NULL),(747,518,1,NULL,NULL),(748,205,1,NULL,NULL),(749,167,1,NULL,NULL),(750,161,1,NULL,NULL),(751,155,11,NULL,NULL),(752,417,1,NULL,NULL),(753,335,1,NULL,NULL),(754,313,1,NULL,NULL),(755,500,111,NULL,NULL),(756,306,1,NULL,NULL),(757,508,1,NULL,NULL),(758,347,11,NULL,NULL),(759,324,1,NULL,NULL),(760,334,1,NULL,NULL),(761,314,1,NULL,NULL),(762,494,1,NULL,NULL),(763,512,1,NULL,NULL),(764,397,1,NULL,NULL),(765,292,1,NULL,NULL),(766,152,1,NULL,NULL),(767,497,1,NULL,NULL),(768,484,1,NULL,NULL),(769,498,1,NULL,NULL),(770,274,1,NULL,NULL),(771,311,1,NULL,NULL),(772,173,1,NULL,NULL),(773,128,1,NULL,NULL),(774,248,1,NULL,NULL),(775,466,1,NULL,NULL),(776,263,1,NULL,NULL),(777,333,1,NULL,NULL),(778,312,1,NULL,NULL),(779,390,1,NULL,NULL),(780,193,1,NULL,NULL),(781,360,1,NULL,NULL),(782,449,1,NULL,NULL),(783,375,1,NULL,NULL),(784,454,1,NULL,NULL),(785,513,1,NULL,NULL),(786,182,1,NULL,NULL),(787,180,1,NULL,NULL),(788,181,1,NULL,NULL),(789,219,11,NULL,NULL),(790,408,1,NULL,NULL),(791,184,1,NULL,NULL),(792,283,1,NULL,NULL),(793,353,1,NULL,NULL),(794,282,1,NULL,NULL),(795,359,1,NULL,NULL),(796,253,1,NULL,NULL),(797,345,1,NULL,NULL),(798,343,1,NULL,NULL),(799,255,1,NULL,NULL),(800,252,1,NULL,NULL),(801,256,1,NULL,NULL),(802,344,1,NULL,NULL),(803,251,1,NULL,NULL),(804,261,1,NULL,NULL),(805,385,1,NULL,NULL),(806,387,1,NULL,NULL),(807,203,0,NULL,12),(808,131,0,NULL,12),(809,130,0,NULL,12),(810,319,0,NULL,12),(811,442,0,NULL,12),(812,438,0,NULL,12),(813,419,0,NULL,12),(814,323,0,NULL,12),(815,322,0,NULL,12),(816,236,0,NULL,12),(817,176,0,NULL,12),(818,336,0,NULL,12),(819,472,0,NULL,12),(820,469,0,NULL,12),(821,482,0,NULL,12),(822,158,0,NULL,12),(823,470,0,NULL,12),(824,175,0,NULL,12),(825,471,0,NULL,12),(826,223,0,NULL,12),(827,461,0,NULL,12),(828,501,0,NULL,12),(829,402,0,NULL,12),(830,257,0,NULL,12),(831,293,0,NULL,12),(832,463,0,NULL,12),(833,332,0,NULL,12),(834,400,0,NULL,12),(835,430,0,NULL,12),(836,448,0,NULL,12),(837,246,0,NULL,12),(838,240,0,NULL,12),(839,443,0,NULL,12),(840,507,0,NULL,12),(841,537,0,NULL,12),(842,200,0,NULL,12),(843,377,0,NULL,12),(844,376,0,NULL,12),(845,415,0,NULL,12),(846,310,0,NULL,12),(847,327,0,NULL,12),(848,346,0,NULL,12),(849,139,0,NULL,12),(850,259,0,NULL,12),(851,215,0,NULL,12),(852,369,0,NULL,12),(853,368,0,NULL,12),(854,367,0,NULL,12),(855,391,0,NULL,12),(856,475,0,NULL,12),(857,213,0,NULL,12),(858,233,0,NULL,12),(859,474,0,NULL,12),(860,273,0,NULL,12),(861,234,0,NULL,12),(862,412,0,NULL,12),(863,272,0,NULL,12),(864,231,0,NULL,12),(865,279,0,NULL,12),(866,232,0,NULL,12),(867,214,0,NULL,12),(868,278,0,NULL,12),(869,427,0,NULL,12),(870,242,0,NULL,12),(871,136,0,NULL,12),(872,395,0,NULL,12),(873,296,0,NULL,12),(874,437,0,NULL,12),(875,431,0,NULL,12),(876,428,0,NULL,12),(877,220,0,NULL,12),(878,515,0,NULL,12),(879,316,0,NULL,12),(880,352,0,NULL,12),(881,226,0,NULL,12),(882,227,0,NULL,12),(883,341,0,NULL,12),(884,350,0,NULL,12),(885,287,0,NULL,12),(886,503,0,NULL,12),(887,294,0,NULL,12),(888,307,0,NULL,12),(889,436,0,NULL,12),(890,434,0,NULL,12),(891,199,0,NULL,12),(892,178,0,NULL,12),(893,491,0,NULL,12),(894,269,0,NULL,12),(895,177,0,NULL,12),(896,304,0,NULL,12),(897,552,0,NULL,12),(898,551,0,NULL,12),(899,187,0,NULL,12),(900,481,0,NULL,12),(901,394,0,NULL,12),(902,284,0,NULL,12),(903,186,0,NULL,12),(904,338,0,NULL,12),(905,380,0,NULL,12),(906,516,0,NULL,12),(907,303,0,NULL,12),(908,374,0,NULL,12),(909,373,0,NULL,12),(910,160,0,NULL,12),(911,153,0,NULL,12),(912,540,0,NULL,12),(913,241,0,NULL,12),(914,174,0,NULL,12),(915,275,0,NULL,12),(916,355,0,NULL,12),(917,462,0,NULL,12),(918,195,0,NULL,12),(919,235,0,NULL,12),(920,458,0,NULL,12),(921,217,0,NULL,12),(922,216,0,NULL,12),(923,550,0,NULL,12),(924,166,0,NULL,12),(925,433,0,NULL,12),(926,337,0,NULL,12),(927,520,0,NULL,12),(928,519,0,NULL,12),(929,264,0,NULL,12),(930,141,0,NULL,12),(931,384,0,NULL,12),(932,382,0,NULL,12),(933,169,0,NULL,12),(934,165,0,NULL,12),(935,149,0,NULL,12),(936,467,0,NULL,12),(937,468,0,NULL,12),(938,452,0,NULL,12),(939,444,0,NULL,12),(940,308,0,NULL,12),(941,490,0,NULL,12),(942,194,0,NULL,12),(943,489,0,NULL,12),(944,525,0,NULL,12),(945,330,0,NULL,12),(946,488,0,NULL,12),(947,523,0,NULL,12),(948,245,0,NULL,12),(949,289,0,NULL,12),(950,224,0,NULL,12),(951,229,0,NULL,12),(952,150,0,NULL,12),(953,505,0,NULL,12),(954,483,0,NULL,12),(955,548,0,NULL,12),(956,544,0,NULL,12),(957,545,0,NULL,12),(958,435,0,NULL,12),(959,266,0,NULL,12),(960,211,0,NULL,12),(961,370,0,NULL,12),(962,404,0,NULL,12),(963,405,0,NULL,12),(964,410,0,NULL,12),(965,409,0,NULL,12),(966,423,0,NULL,12),(967,418,0,NULL,12),(968,171,0,NULL,12),(969,478,0,NULL,12),(970,416,0,NULL,12),(971,383,0,NULL,12),(972,389,0,NULL,12),(973,386,0,NULL,12),(974,477,0,NULL,12),(975,156,0,NULL,12),(976,154,0,NULL,12),(977,455,0,NULL,12),(978,164,0,NULL,12),(979,163,0,NULL,12),(980,162,0,NULL,12),(981,305,0,NULL,12),(982,479,0,NULL,12),(983,140,0,NULL,12),(984,521,0,NULL,12),(985,295,0,NULL,12),(986,328,0,NULL,12),(987,285,0,NULL,12),(988,326,0,NULL,12),(989,209,0,NULL,12),(990,208,0,NULL,12),(991,504,0,NULL,12),(992,250,0,NULL,12),(993,393,0,NULL,12),(994,286,0,NULL,12),(995,297,0,NULL,12),(996,388,0,NULL,12),(997,379,0,NULL,12),(998,301,0,NULL,12),(999,300,0,NULL,12),(1000,290,0,NULL,12),(1001,298,0,NULL,12),(1002,299,0,NULL,12),(1003,365,0,NULL,12),(1004,371,0,NULL,12),(1005,421,0,NULL,12),(1006,502,0,NULL,12),(1007,378,0,NULL,12),(1008,510,0,NULL,12),(1009,270,0,NULL,12),(1010,325,0,NULL,12),(1011,249,0,NULL,12),(1012,356,0,NULL,12),(1013,459,0,NULL,12),(1014,493,0,NULL,12),(1015,145,0,NULL,12),(1016,204,0,NULL,12),(1017,144,0,NULL,12),(1018,492,0,NULL,12),(1019,138,0,NULL,12),(1020,137,0,NULL,12),(1021,183,0,NULL,12),(1022,499,0,NULL,12),(1023,143,0,NULL,12),(1024,509,0,NULL,12),(1025,320,0,NULL,12),(1026,189,0,NULL,12),(1027,222,0,NULL,12),(1028,210,0,NULL,12),(1029,401,0,NULL,12),(1030,399,0,NULL,12),(1031,381,0,NULL,12),(1032,457,0,NULL,12),(1033,398,0,NULL,12),(1034,407,0,NULL,12),(1035,133,0,NULL,12),(1036,179,0,NULL,12),(1037,132,0,NULL,12),(1038,539,0,NULL,12),(1039,460,0,NULL,12),(1040,321,0,NULL,12),(1041,191,0,NULL,12),(1042,172,0,NULL,12),(1043,268,0,NULL,12),(1044,134,0,NULL,12),(1045,135,0,NULL,12),(1046,480,0,NULL,12),(1047,348,0,NULL,12),(1048,267,0,NULL,12),(1049,445,0,NULL,12),(1050,553,0,NULL,12),(1051,555,0,NULL,12),(1052,230,0,NULL,12),(1053,146,0,NULL,12),(1054,422,0,NULL,12),(1055,396,0,NULL,12),(1056,218,0,NULL,12),(1057,406,0,NULL,12),(1058,271,0,NULL,12),(1059,129,0,NULL,12),(1060,247,0,NULL,12),(1061,456,0,NULL,12),(1062,281,0,NULL,12),(1063,496,0,NULL,12),(1064,361,0,NULL,12),(1065,524,0,NULL,12),(1066,351,0,NULL,12),(1067,315,0,NULL,12),(1068,392,0,NULL,12),(1069,228,0,NULL,12),(1070,244,0,NULL,12),(1071,538,0,NULL,12),(1072,446,0,NULL,12),(1073,514,0,NULL,12),(1074,151,0,NULL,12),(1075,403,0,NULL,12),(1076,147,0,NULL,12),(1077,366,0,NULL,12),(1078,363,0,NULL,12),(1079,362,0,NULL,12),(1080,528,0,NULL,12),(1081,185,0,NULL,12),(1082,414,0,NULL,12),(1083,309,0,NULL,12),(1084,357,0,NULL,12),(1085,413,0,NULL,12),(1086,318,0,NULL,12),(1087,317,0,NULL,12),(1088,276,0,NULL,12),(1089,277,0,NULL,12),(1090,372,0,NULL,12),(1091,447,0,NULL,12),(1092,192,0,NULL,12),(1093,212,0,NULL,12),(1094,262,0,NULL,12),(1095,364,0,NULL,12),(1096,302,0,NULL,12),(1097,188,0,NULL,12),(1098,243,0,NULL,12),(1099,506,0,NULL,12),(1100,196,0,NULL,12),(1101,190,0,NULL,12),(1102,197,0,NULL,12),(1103,238,0,NULL,12),(1104,425,0,NULL,12),(1105,424,0,NULL,12),(1106,354,0,NULL,12),(1107,453,0,NULL,12),(1108,486,0,NULL,12),(1109,349,0,NULL,12),(1110,254,0,NULL,12),(1111,260,0,NULL,12),(1112,291,0,NULL,12),(1113,420,0,NULL,12),(1114,206,0,NULL,12),(1115,495,0,NULL,12),(1116,207,0,NULL,12),(1117,170,0,NULL,12),(1118,225,0,NULL,12),(1119,221,0,NULL,12),(1120,265,0,NULL,12),(1121,451,0,NULL,12),(1122,358,0,NULL,12),(1123,280,0,NULL,12),(1124,329,0,NULL,12),(1125,426,0,NULL,12),(1126,239,0,NULL,12),(1127,201,0,NULL,12),(1128,331,0,NULL,12),(1129,202,0,NULL,12),(1130,487,0,NULL,12),(1131,340,0,NULL,12),(1132,288,0,NULL,12),(1133,339,0,NULL,12),(1134,258,0,NULL,12),(1135,142,0,NULL,12),(1136,159,0,NULL,12),(1137,148,0,NULL,12),(1138,198,0,NULL,12),(1139,342,0,NULL,12),(1140,549,0,NULL,12),(1141,547,0,NULL,12),(1142,541,0,NULL,12),(1143,546,0,NULL,12),(1144,411,0,NULL,12),(1145,237,0,NULL,12),(1146,464,0,NULL,12),(1147,531,0,NULL,12),(1148,168,0,NULL,12),(1149,157,0,NULL,12),(1150,518,0,NULL,12),(1151,205,0,NULL,12),(1152,167,0,NULL,12),(1153,161,0,NULL,12),(1154,155,0,NULL,12),(1155,417,0,NULL,12),(1156,335,0,NULL,12),(1157,313,0,NULL,12),(1158,500,0,NULL,12),(1159,306,0,NULL,12),(1160,508,0,NULL,12),(1161,347,0,NULL,12),(1162,324,0,NULL,12),(1163,334,0,NULL,12),(1164,314,0,NULL,12),(1165,494,0,NULL,12),(1166,512,0,NULL,12),(1167,397,0,NULL,12),(1168,292,0,NULL,12),(1169,152,0,NULL,12),(1170,497,0,NULL,12),(1171,484,0,NULL,12),(1172,498,0,NULL,12),(1173,274,0,NULL,12),(1174,311,0,NULL,12),(1175,173,0,NULL,12),(1176,128,0,NULL,12),(1177,248,0,NULL,12),(1178,466,0,NULL,12),(1179,263,0,NULL,12),(1180,333,0,NULL,12),(1181,312,0,NULL,12),(1182,390,0,NULL,12),(1183,193,0,NULL,12),(1184,360,0,NULL,12),(1185,449,0,NULL,12),(1186,375,0,NULL,12),(1187,454,0,NULL,12),(1188,513,0,NULL,12),(1189,182,0,NULL,12),(1190,180,0,NULL,12),(1191,181,0,NULL,12),(1192,219,0,NULL,12),(1193,408,0,NULL,12),(1194,184,0,NULL,12),(1195,283,0,NULL,12),(1196,353,0,NULL,12),(1197,282,0,NULL,12),(1198,359,0,NULL,12),(1199,253,0,NULL,12),(1200,345,0,NULL,12),(1201,343,0,NULL,12),(1202,255,0,NULL,12),(1203,252,0,NULL,12),(1204,256,0,NULL,12),(1205,344,0,NULL,12),(1206,251,0,NULL,12),(1207,261,0,NULL,12),(1208,385,0,NULL,12),(1209,387,0,NULL,12),(1210,203,0,NULL,NULL),(1211,131,0,NULL,NULL),(1212,130,0,NULL,NULL),(1213,419,0,NULL,NULL),(1214,323,0,NULL,NULL),(1215,322,0,NULL,NULL),(1216,236,0,NULL,NULL),(1217,176,0,NULL,NULL),(1218,336,0,NULL,NULL),(1219,472,0,NULL,NULL),(1220,469,0,NULL,NULL),(1221,482,0,NULL,NULL),(1222,158,0,NULL,NULL),(1223,470,0,NULL,NULL),(1224,175,0,NULL,NULL),(1225,471,0,NULL,NULL),(1226,501,0,NULL,NULL),(1227,402,0,NULL,NULL),(1228,257,0,NULL,NULL),(1229,507,0,NULL,NULL),(1230,415,0,NULL,NULL),(1231,346,0,NULL,NULL),(1232,139,0,NULL,NULL),(1233,259,0,NULL,NULL),(1234,136,0,NULL,NULL),(1235,395,0,NULL,NULL),(1236,431,0,NULL,NULL),(1237,515,0,NULL,NULL),(1238,341,0,NULL,NULL),(1239,287,0,NULL,NULL),(1240,503,0,NULL,NULL),(1241,307,0,NULL,NULL),(1242,491,0,NULL,NULL),(1243,552,0,NULL,NULL),(1244,551,0,NULL,NULL),(1245,481,0,NULL,NULL),(1246,516,0,NULL,NULL),(1247,374,0,NULL,NULL),(1248,373,0,NULL,NULL),(1249,160,0,NULL,NULL),(1250,153,0,NULL,NULL),(1251,540,0,NULL,NULL),(1252,241,0,NULL,NULL),(1253,174,0,NULL,NULL),(1254,550,0,NULL,NULL),(1255,433,0,NULL,NULL),(1256,337,0,NULL,NULL),(1257,520,0,NULL,NULL),(1258,519,0,NULL,NULL),(1259,264,0,NULL,NULL),(1260,141,0,NULL,NULL),(1261,384,0,NULL,NULL),(1262,169,0,NULL,NULL),(1263,165,0,NULL,NULL),(1264,149,0,NULL,NULL),(1265,150,0,NULL,NULL),(1266,505,0,NULL,NULL),(1267,483,0,NULL,NULL),(1268,548,0,NULL,NULL),(1269,544,0,NULL,NULL),(1270,545,0,NULL,NULL),(1271,266,0,NULL,NULL),(1272,211,0,NULL,NULL),(1273,418,0,NULL,NULL),(1274,171,0,NULL,NULL),(1275,478,0,NULL,NULL),(1276,416,0,NULL,NULL),(1277,383,0,NULL,NULL),(1278,389,0,NULL,NULL),(1279,386,0,NULL,NULL),(1280,477,0,NULL,NULL),(1281,156,0,NULL,NULL),(1282,154,0,NULL,NULL),(1283,164,0,NULL,NULL),(1284,163,0,NULL,NULL),(1285,162,0,NULL,NULL),(1286,479,0,NULL,NULL),(1287,140,0,NULL,NULL),(1288,521,0,NULL,NULL),(1289,209,0,NULL,NULL),(1290,208,0,NULL,NULL),(1291,504,0,NULL,NULL),(1292,286,0,NULL,NULL),(1293,297,0,NULL,NULL),(1294,388,0,NULL,NULL),(1295,379,0,NULL,NULL),(1296,301,0,NULL,NULL),(1297,300,0,NULL,NULL),(1298,290,0,NULL,NULL),(1299,298,0,NULL,NULL),(1300,299,0,NULL,NULL),(1301,365,0,NULL,NULL),(1302,502,0,NULL,NULL),(1303,510,0,NULL,NULL),(1304,356,0,NULL,NULL),(1305,493,0,NULL,NULL),(1306,145,0,NULL,NULL),(1307,204,0,NULL,NULL),(1308,144,0,NULL,NULL),(1309,492,0,NULL,NULL),(1310,138,0,NULL,NULL),(1311,137,0,NULL,NULL),(1312,183,0,NULL,NULL),(1313,499,0,NULL,NULL),(1314,143,0,NULL,NULL),(1315,509,0,NULL,NULL),(1316,210,0,NULL,NULL),(1317,401,0,NULL,NULL),(1318,133,0,NULL,NULL),(1319,179,0,NULL,NULL),(1320,132,0,NULL,NULL),(1321,172,0,NULL,NULL),(1322,268,0,NULL,NULL),(1323,134,0,NULL,NULL),(1324,135,0,NULL,NULL),(1325,480,0,NULL,NULL),(1326,555,0,NULL,NULL),(1327,230,0,NULL,NULL),(1328,146,0,NULL,NULL),(1329,271,0,NULL,NULL),(1330,446,0,NULL,NULL),(1331,151,0,NULL,NULL),(1332,403,0,NULL,NULL),(1333,147,0,NULL,NULL),(1334,366,0,NULL,NULL),(1335,506,0,NULL,NULL),(1336,254,0,NULL,NULL),(1337,206,0,NULL,NULL),(1338,495,0,NULL,NULL),(1339,207,0,NULL,NULL),(1340,170,0,NULL,NULL),(1341,225,0,NULL,NULL),(1342,221,0,NULL,NULL),(1343,265,0,NULL,NULL),(1344,487,0,NULL,NULL),(1345,339,0,NULL,NULL),(1346,258,0,NULL,NULL),(1347,142,0,NULL,NULL),(1348,159,0,NULL,NULL),(1349,148,0,NULL,NULL),(1350,342,0,NULL,NULL),(1351,549,0,NULL,NULL),(1352,547,0,NULL,NULL),(1353,541,0,NULL,NULL),(1354,546,0,NULL,NULL),(1355,168,0,NULL,NULL),(1356,157,0,NULL,NULL),(1357,518,0,NULL,NULL),(1358,205,0,NULL,NULL),(1359,167,0,NULL,NULL),(1360,161,0,NULL,NULL),(1361,155,0,NULL,NULL),(1362,417,0,NULL,NULL),(1363,335,0,NULL,NULL),(1364,500,0,NULL,NULL),(1365,306,0,NULL,NULL),(1366,508,0,NULL,NULL),(1367,347,0,NULL,NULL),(1368,494,0,NULL,NULL),(1369,512,0,NULL,NULL),(1370,152,0,NULL,NULL),(1371,497,0,NULL,NULL),(1372,484,0,NULL,NULL),(1373,498,0,NULL,NULL),(1374,449,0,NULL,NULL),(1375,182,0,NULL,NULL),(1376,180,0,NULL,NULL),(1377,181,0,NULL,NULL),(1378,253,0,NULL,NULL),(1379,345,0,NULL,NULL),(1380,343,0,NULL,NULL),(1381,255,0,NULL,NULL),(1382,252,0,NULL,NULL),(1383,256,0,NULL,NULL),(1384,344,0,NULL,NULL),(1385,251,0,NULL,NULL),(1386,261,0,NULL,NULL);
/*!40000 ALTER TABLE `inventario_fisico` ENABLE KEYS */;
UNLOCK TABLES;

--
-- Table structure for table `itens_vale`
--

DROP TABLE IF EXISTS `itens_vale`;
/*!40101 SET @saved_cs_client     = @@character_set_client */;
/*!40101 SET character_set_client = utf8 */;
CREATE TABLE `itens_vale` (
  `id` int(11) NOT NULL AUTO_INCREMENT,
  `vale_id` int(11) DEFAULT NULL,
  `produto_id` int(11) DEFAULT NULL,
  `quantidade` int(11) DEFAULT NULL,
  `preco_unitario` decimal(10,2) DEFAULT NULL,
  PRIMARY KEY (`id`),
  KEY `vale_id` (`vale_id`),
  KEY `produto_id` (`produto_id`),
  CONSTRAINT `itens_vale_ibfk_1` FOREIGN KEY (`vale_id`) REFERENCES `vales` (`id`),
  CONSTRAINT `itens_vale_ibfk_2` FOREIGN KEY (`produto_id`) REFERENCES `produtos` (`id`)
) ENGINE=InnoDB AUTO_INCREMENT=36 DEFAULT CHARSET=utf8mb4 COLLATE=utf8mb4_general_ci;
/*!40101 SET character_set_client = @saved_cs_client */;

--
-- Dumping data for table `itens_vale`
--

LOCK TABLES `itens_vale` WRITE;
/*!40000 ALTER TABLE `itens_vale` DISABLE KEYS */;
INSERT INTO `itens_vale` VALUES (1,2,NULL,3,NULL),(2,2,NULL,3,NULL),(3,3,NULL,1,NULL),(5,7,129,1,50.00),(6,8,203,1,60.00),(7,9,203,1,60.00),(8,9,183,1,50.00),(9,10,203,1,60.00),(10,11,203,4,60.00),(11,12,203,1,60.00),(12,13,203,4,60.00),(13,14,203,1,60.00),(14,15,203,2,60.00),(17,26,NULL,1,60.00),(18,26,NULL,1,50.00),(19,26,NULL,1,65.00),(20,30,NULL,2,60.00),(21,34,183,1,50.00),(22,34,203,1,60.00),(23,35,183,1,50.00),(24,35,203,1,60.00),(25,5,183,1,50.00),(26,37,183,2,50.00),(27,37,203,1,60.00),(28,38,183,2,50.00),(29,39,183,1,50.00),(30,39,203,1,60.00),(31,40,183,6,50.00),(32,41,203,4,60.00),(33,41,183,1,50.00),(34,42,203,1,60.00),(35,42,183,1,50.00);
/*!40000 ALTER TABLE `itens_vale` ENABLE KEYS */;
UNLOCK TABLES;

--
-- Table structure for table `itens_venda_teka_away`
--

DROP TABLE IF EXISTS `itens_venda_teka_away`;
/*!40101 SET @saved_cs_client     = @@character_set_client */;
/*!40101 SET character_set_client = utf8 */;
CREATE TABLE `itens_venda_teka_away` (
  `id` int(11) NOT NULL AUTO_INCREMENT,
  `id_venda` int(11) NOT NULL,
  `id_produto` int(11) NOT NULL,
  `quantidade` int(11) NOT NULL,
  `preco_unitario` decimal(10,2) NOT NULL,
  `nome_produto` varchar(255) DEFAULT NULL,
  `total` decimal(10,2) DEFAULT NULL,
  `venda_id` int(11) DEFAULT NULL,
  PRIMARY KEY (`id`),
  KEY `id_venda` (`id_venda`),
  KEY `id_produto` (`id_produto`),
  CONSTRAINT `itens_venda_teka_away_ibfk_1` FOREIGN KEY (`id_venda`) REFERENCES `vendas_teka_away` (`id`),
  CONSTRAINT `itens_venda_teka_away_ibfk_2` FOREIGN KEY (`id_produto`) REFERENCES `produtos` (`id`)
) ENGINE=InnoDB AUTO_INCREMENT=2 DEFAULT CHARSET=utf8mb4 COLLATE=utf8mb4_general_ci;
/*!40101 SET character_set_client = @saved_cs_client */;

--
-- Dumping data for table `itens_venda_teka_away`
--

LOCK TABLES `itens_venda_teka_away` WRITE;
/*!40000 ALTER TABLE `itens_venda_teka_away` DISABLE KEYS */;
/*!40000 ALTER TABLE `itens_venda_teka_away` ENABLE KEYS */;
UNLOCK TABLES;

--
-- Table structure for table `itens_vendas_vales`
--

DROP TABLE IF EXISTS `itens_vendas_vales`;
/*!40101 SET @saved_cs_client     = @@character_set_client */;
/*!40101 SET character_set_client = utf8 */;
CREATE TABLE `itens_vendas_vales` (
  `id` int(11) NOT NULL AUTO_INCREMENT,
  `venda_vale_id` int(11) NOT NULL,
  `produto_id` int(11) DEFAULT NULL,
  `quantidade` int(11) DEFAULT NULL,
  `preco_unitario` decimal(10,2) DEFAULT NULL,
  PRIMARY KEY (`id`)
) ENGINE=InnoDB AUTO_INCREMENT=5 DEFAULT CHARSET=utf8mb4 COLLATE=utf8mb4_general_ci;
/*!40101 SET character_set_client = @saved_cs_client */;

--
-- Dumping data for table `itens_vendas_vales`
--

LOCK TABLES `itens_vendas_vales` WRITE;
/*!40000 ALTER TABLE `itens_vendas_vales` DISABLE KEYS */;
INSERT INTO `itens_vendas_vales` VALUES (1,1,129,1,50.00),(2,2,203,1,60.00),(3,2,183,1,50.00),(4,3,203,1,60.00);
/*!40000 ALTER TABLE `itens_vendas_vales` ENABLE KEYS */;
UNLOCK TABLES;

--
-- Table structure for table `logs_login`
--

DROP TABLE IF EXISTS `logs_login`;
/*!40101 SET @saved_cs_client     = @@character_set_client */;
/*!40101 SET character_set_client = utf8 */;
CREATE TABLE `logs_login` (
  `id` int(11) NOT NULL AUTO_INCREMENT,
  `usuario_id` int(11) DEFAULT NULL,
  `login_time` datetime DEFAULT NULL,
  `logout_time` datetime DEFAULT NULL,
  `data_logout` datetime DEFAULT NULL,
  PRIMARY KEY (`id`),
  KEY `usuario_id` (`usuario_id`),
  CONSTRAINT `logs_login_ibfk_1` FOREIGN KEY (`usuario_id`) REFERENCES `usuarios` (`id`)
) ENGINE=InnoDB AUTO_INCREMENT=198 DEFAULT CHARSET=utf8mb4 COLLATE=utf8mb4_general_ci;
/*!40101 SET character_set_client = @saved_cs_client */;

--
-- Dumping data for table `logs_login`
--

LOCK TABLES `logs_login` WRITE;
/*!40000 ALTER TABLE `logs_login` DISABLE KEYS */;
INSERT INTO `logs_login` VALUES (1,NULL,'2025-06-10 10:39:32','2025-06-12 23:23:24',NULL),(2,NULL,'2025-06-10 10:39:44','2025-06-12 23:23:24',NULL),(3,NULL,'2025-06-10 10:41:07','2025-06-12 23:23:24',NULL),(4,12,'2025-06-10 10:50:21','2025-06-12 23:23:24',NULL),(5,12,'2025-06-10 10:55:08','2025-06-10 10:56:27',NULL),(6,12,'2025-06-10 10:56:29','2025-06-10 10:56:32',NULL),(7,12,'2025-06-10 10:56:33','2025-06-10 10:58:35',NULL),(8,17,'2025-06-10 10:58:41','2025-06-10 10:59:20',NULL),(9,17,'2025-06-10 10:59:22','2025-06-10 11:08:36',NULL),(10,17,'2025-06-10 11:08:38','2025-06-10 11:11:17',NULL),(11,17,'2025-06-10 11:12:38','2025-06-10 11:14:16',NULL),(12,17,'2025-06-10 11:50:38','2025-06-12 23:23:24',NULL),(13,17,'2025-06-10 11:54:59','2025-06-10 11:55:02',NULL),(14,22,'2025-06-10 11:56:02','2025-06-10 13:26:17',NULL),(15,19,'2025-06-10 13:26:26','2025-06-10 13:37:45',NULL),(16,19,'2025-06-10 13:37:47','2025-06-10 13:45:45',NULL),(17,19,'2025-06-10 17:02:26','2025-06-12 23:23:24',NULL),(18,19,'2025-06-10 17:02:43','2025-06-12 23:23:24',NULL),(19,12,'2025-06-10 17:03:16','2025-06-12 23:23:24',NULL),(20,12,'2025-06-10 17:06:11','2025-06-12 23:23:24',NULL),(21,12,'2025-06-10 17:06:14','2025-06-10 17:06:16',NULL),(22,19,'2025-06-10 17:06:22','2025-06-12 23:23:24',NULL),(23,19,'2025-06-10 19:12:23','2025-06-12 23:23:24',NULL),(24,12,'2025-06-10 20:11:25','2025-06-12 23:23:24',NULL),(25,19,'2025-06-11 09:14:08','2025-06-12 23:23:24',NULL),(26,19,'2025-06-11 09:15:27','2025-06-12 23:23:24',NULL),(27,19,'2025-06-11 09:43:02','2025-06-12 23:23:24',NULL),(28,19,'2025-06-11 09:43:16','2025-06-12 23:23:24',NULL),(29,19,'2025-06-11 09:57:34','2025-06-11 13:13:32',NULL),(30,12,'2025-06-11 13:13:37','2025-06-11 13:14:24',NULL),(31,17,'2025-06-11 13:14:27','2025-06-12 23:23:24',NULL),(32,17,'2025-06-11 18:24:51','2025-06-12 23:23:24',NULL),(33,17,'2025-06-11 19:03:09','2025-06-11 20:01:16',NULL),(34,19,'2025-06-11 20:01:23','2025-06-12 23:23:24',NULL),(35,19,'2025-06-11 20:02:26','2025-06-12 23:23:24',NULL),(36,19,'2025-06-12 09:24:19','2025-06-12 23:23:24',NULL),(37,19,'2025-06-12 09:24:44','2025-06-12 23:23:24',NULL),(38,19,'2025-06-12 09:25:20','2025-06-12 23:23:24',NULL),(39,19,'2025-06-12 09:26:15','2025-06-12 09:26:21',NULL),(40,12,'2025-06-12 09:26:27','2025-06-12 23:23:24',NULL),(41,12,'2025-06-12 11:05:47','2025-06-12 11:06:03',NULL),(42,19,'2025-06-12 11:06:08','2025-06-12 11:54:56',NULL),(43,19,'2025-06-12 11:54:58','2025-06-12 12:07:30',NULL),(44,19,'2025-06-12 12:07:35','2025-06-12 08:59:15',NULL),(45,17,'2025-06-12 13:36:34','2025-06-12 23:23:24',NULL),(46,17,'2025-06-12 13:42:54','2025-06-12 13:43:13',NULL),(47,12,'2025-06-12 13:43:17','2025-06-12 13:45:31',NULL),(48,12,'2025-06-12 13:47:03','2025-06-12 23:23:24',NULL),(49,12,'2025-06-12 08:39:11','2025-06-12 23:23:24',NULL),(50,19,'2025-06-12 08:53:13','2025-06-12 23:23:24',NULL),(51,12,'2025-06-12 08:55:00','2025-06-12 23:23:24',NULL),(52,19,'2025-06-12 08:56:13','2025-06-12 23:23:24',NULL),(53,17,'2025-06-12 20:52:13','2025-06-12 20:56:27',NULL),(54,12,'2025-06-12 20:56:31','2025-06-12 23:23:24',NULL),(55,19,'2025-06-12 22:44:14','2025-06-12 23:23:24',NULL),(56,12,'2025-06-12 22:45:48','2025-06-12 23:23:24',NULL),(57,12,'2025-06-12 23:33:29','2025-06-12 23:40:59',NULL),(58,12,'2025-06-12 23:41:20','2025-06-12 23:41:32',NULL),(59,12,'2025-06-12 23:41:54','2025-06-12 23:42:58',NULL),(60,12,'2025-06-12 23:41:58','2025-06-12 23:42:58',NULL),(61,12,'2025-06-12 23:42:33','2025-06-12 23:42:58',NULL),(62,12,'2025-06-12 23:46:02','2025-06-12 23:46:08',NULL),(63,12,'2025-06-13 20:32:15','2025-06-14 08:36:30',NULL),(64,19,'2025-06-14 08:36:42','2025-06-14 09:28:15',NULL),(65,19,'2025-06-14 08:37:19','2025-06-14 08:37:51',NULL),(66,12,'2025-06-14 08:38:26','2025-06-14 09:28:15',NULL),(67,12,'2025-06-14 09:28:59','2025-06-14 09:34:42',NULL),(68,19,'2025-06-14 09:34:53','2025-06-14 11:07:21',NULL),(69,12,'2025-06-14 11:07:25','2025-06-14 12:40:22',NULL),(70,12,'2025-06-14 16:28:35','2025-06-14 18:31:43',NULL),(71,12,'2025-06-14 18:02:07','2025-06-14 18:31:43',NULL),(72,19,'2025-06-14 18:33:33','2025-06-15 16:10:42',NULL),(73,12,'2025-06-14 18:33:50','2025-06-14 18:34:06',NULL),(74,20,'2025-06-14 18:34:19','2025-06-14 18:34:57',NULL),(75,12,'2025-06-15 16:12:55','2025-06-15 16:20:13',NULL),(76,19,'2025-06-15 16:20:15','2025-06-15 16:22:19',NULL),(77,12,'2025-06-15 16:23:06',NULL,NULL),(78,12,'2025-06-15 16:27:16',NULL,NULL),(79,19,'2025-06-15 17:08:38',NULL,NULL),(80,12,'2025-06-15 17:09:42',NULL,NULL),(81,19,'2025-06-15 17:40:01',NULL,NULL),(82,12,'2025-06-15 17:48:21','2025-06-15 21:30:17',NULL),(83,19,'2025-06-15 21:30:55',NULL,NULL),(84,12,'2025-06-15 22:01:25','2025-06-15 23:27:56',NULL),(85,12,'2025-06-15 23:28:32','2025-06-15 23:37:04',NULL),(86,19,'2025-06-16 06:34:39','2025-06-16 09:44:19',NULL),(87,19,'2025-06-16 09:44:50',NULL,NULL),(88,19,'2025-06-16 13:02:58',NULL,NULL),(89,19,'2025-06-16 13:08:28','2025-06-16 18:27:23',NULL),(90,12,'2025-06-16 15:08:57',NULL,NULL),(91,12,'2025-06-16 18:07:08',NULL,NULL),(92,19,'2025-06-16 18:54:17',NULL,NULL),(93,19,'2025-06-16 19:09:39',NULL,NULL),(94,19,'2025-06-16 21:20:25','2025-06-17 09:22:04',NULL),(95,19,'2025-06-17 09:41:31',NULL,NULL),(96,19,'2025-06-17 15:02:54',NULL,NULL),(97,19,'2025-06-17 20:34:32',NULL,NULL),(98,19,'2025-06-18 12:23:38',NULL,NULL),(99,12,'2025-06-18 18:01:03',NULL,NULL),(100,19,'2025-06-18 18:42:04',NULL,NULL),(101,19,'2025-06-18 19:47:51','2025-06-18 19:47:55',NULL),(102,19,'2025-06-18 19:47:57','2025-06-18 19:47:59',NULL),(103,12,'2025-06-18 19:48:04','2025-06-18 19:48:17',NULL),(104,20,'2025-06-18 19:48:21','2025-06-18 20:11:22',NULL),(105,12,'2025-06-18 20:11:25','2025-06-18 20:21:41',NULL),(106,22,'2025-06-18 20:22:36','2025-06-18 20:31:20',NULL),(107,12,'2025-06-19 00:30:01','2025-06-20 15:56:57',NULL),(108,19,'2025-06-20 15:57:17','2025-06-20 16:28:41',NULL),(109,12,'2025-06-20 16:54:23',NULL,NULL),(110,12,'2025-06-20 17:18:58','2025-06-20 17:27:15',NULL),(111,19,'2025-06-20 17:27:23','2025-06-20 17:28:50',NULL),(112,26,'2025-06-20 17:42:32',NULL,NULL),(113,26,'2025-06-20 17:42:39',NULL,NULL),(114,26,'2025-06-20 17:46:02','2025-06-20 17:54:34',NULL),(115,12,'2025-06-20 17:54:42',NULL,NULL),(116,19,'2025-06-20 19:30:50','2025-06-20 19:37:43',NULL),(117,12,'2025-06-20 19:37:48',NULL,NULL),(118,19,'2025-06-20 20:00:13','2025-06-20 20:03:35',NULL),(119,26,'2025-06-20 20:03:39','2025-06-20 20:06:28',NULL),(120,19,'2025-06-20 20:24:33',NULL,NULL),(121,12,'2025-06-20 20:44:07',NULL,NULL),(122,19,'2025-06-20 22:52:26',NULL,NULL),(123,12,'2025-06-20 22:53:35',NULL,NULL),(124,12,'2025-06-22 19:24:12',NULL,NULL),(125,19,'2025-06-22 19:31:35',NULL,NULL),(126,12,'2025-06-23 01:04:43','2025-06-23 01:04:45',NULL),(127,19,'2025-06-23 01:04:49',NULL,NULL),(128,12,'2025-06-23 01:38:37','2025-06-23 01:38:39',NULL),(129,19,'2025-06-23 01:38:42','2025-06-23 01:57:29',NULL),(130,19,'2025-06-23 01:57:31',NULL,NULL),(131,12,'2025-06-24 07:35:54',NULL,NULL),(132,26,'2025-06-24 07:36:39',NULL,NULL),(133,19,'2025-06-24 07:37:25',NULL,NULL),(134,12,'2025-06-24 07:39:54','2025-06-24 12:02:19',NULL),(135,12,'2025-06-24 12:03:28',NULL,NULL),(136,17,'2025-06-24 13:32:09','2025-06-24 13:53:59',NULL),(137,17,'2025-06-24 13:54:15',NULL,NULL),(138,12,'2025-06-24 13:56:58','2025-06-24 13:59:14',NULL),(139,17,'2025-06-24 13:59:17','2025-06-24 14:05:25',NULL),(140,12,'2025-06-24 14:23:11','2025-06-24 14:23:16',NULL),(141,17,'2025-06-24 14:23:20','2025-06-24 14:23:31',NULL),(142,12,'2025-06-24 14:23:35','2025-06-24 14:23:41',NULL),(143,17,'2025-06-24 14:23:45','2025-06-24 14:26:56',NULL),(144,12,'2025-06-24 14:26:59','2025-06-24 14:28:23',NULL),(145,20,'2025-06-24 14:28:49','2025-06-24 14:29:16',NULL),(146,22,'2025-06-24 14:30:41','2025-06-24 14:30:55',NULL),(147,12,'2025-06-24 16:34:51',NULL,NULL),(148,19,'2025-06-24 16:39:49','2025-06-24 16:44:51',NULL),(149,17,'2025-06-24 16:44:55','2025-06-24 16:46:11',NULL),(150,19,'2025-06-24 16:46:16','2025-06-24 16:47:36',NULL),(151,12,'2025-06-24 23:44:46','2025-06-24 23:55:11',NULL),(152,12,'2025-06-24 23:55:17','2025-06-24 23:55:31',NULL),(153,19,'2025-06-24 23:55:37',NULL,NULL),(154,12,'2025-06-25 00:04:02',NULL,NULL),(155,12,'2025-06-25 15:30:23',NULL,NULL),(156,19,'2025-06-26 08:04:18',NULL,NULL),(157,12,'2025-06-27 08:04:48','2025-06-27 09:35:50',NULL),(158,12,'2025-06-27 09:35:55','2025-06-27 12:37:28',NULL),(159,19,'2025-06-27 12:37:33','2025-06-27 23:00:20',NULL),(160,19,'2025-06-27 23:00:26',NULL,NULL),(161,19,'2025-06-28 09:56:56','2025-06-28 09:57:22',NULL),(162,19,'2025-06-28 09:57:25','2025-06-28 10:45:41',NULL),(163,12,'2025-06-28 10:46:00','2025-06-28 12:38:10',NULL),(164,19,'2025-06-28 12:38:17',NULL,NULL),(165,12,'2025-06-28 20:00:13','2025-06-28 20:01:10',NULL),(166,12,'2025-06-28 20:01:16','2025-06-28 20:02:59',NULL),(167,19,'2025-06-28 23:21:47','2025-06-28 23:34:34',NULL),(168,12,'2025-06-28 23:34:41','2025-06-28 23:34:49',NULL),(169,19,'2025-06-28 23:34:57',NULL,NULL),(170,19,'2025-07-01 14:13:37',NULL,NULL),(171,19,'2025-07-01 14:26:57',NULL,NULL),(172,12,'2025-07-01 15:17:38',NULL,NULL),(173,12,'2025-07-01 16:20:20',NULL,NULL),(174,12,'2025-07-01 19:04:41',NULL,NULL),(175,12,'2025-07-03 18:43:47',NULL,NULL),(176,19,'2025-07-03 18:44:21','2025-07-03 18:54:47',NULL),(177,19,'2025-07-03 18:54:50','2025-07-03 18:58:15',NULL),(178,12,'2025-07-03 18:58:19',NULL,NULL),(179,19,'2025-07-04 15:09:28','2025-07-04 15:34:07',NULL),(180,19,'2025-07-04 15:34:15','2025-07-04 16:20:16',NULL),(181,19,'2025-07-04 16:20:24','2025-07-04 17:32:38',NULL),(182,19,'2025-07-04 17:32:45','2025-07-04 18:12:42',NULL),(183,19,'2025-07-04 18:12:49','2025-07-05 17:04:45',NULL),(184,12,'2025-07-05 17:04:52','2025-07-05 17:16:13',NULL),(185,12,'2025-07-05 18:36:38',NULL,NULL),(186,19,'2025-07-05 18:37:34',NULL,NULL),(187,19,'2025-07-05 18:39:25','2025-07-05 18:42:46',NULL),(188,19,'2025-07-05 18:42:54','2025-07-05 18:44:52',NULL),(189,12,'2025-07-05 18:43:49','2025-07-05 18:44:15',NULL),(190,26,'2025-07-05 18:46:23','2025-07-05 18:47:25',NULL),(191,19,'2025-07-05 18:47:06',NULL,NULL),(192,19,'2025-07-05 18:47:31','2025-07-05 19:02:20',NULL),(193,19,'2025-07-06 09:24:14',NULL,NULL),(194,19,'2025-07-07 11:33:47',NULL,NULL),(195,19,'2025-07-07 12:06:26',NULL,NULL),(196,19,'2025-07-09 07:38:58',NULL,NULL),(197,12,'2025-07-09 08:56:38',NULL,NULL);
/*!40000 ALTER TABLE `logs_login` ENABLE KEYS */;
UNLOCK TABLES;

--
-- Table structure for table `logs_sistema`
--

DROP TABLE IF EXISTS `logs_sistema`;
/*!40101 SET @saved_cs_client     = @@character_set_client */;
/*!40101 SET character_set_client = utf8 */;
CREATE TABLE `logs_sistema` (
  `id` int(11) NOT NULL AUTO_INCREMENT,
  `usuario_id` int(11) DEFAULT NULL,
  `usuario_nome` varchar(100) DEFAULT NULL,
  `tipo_log` varchar(50) NOT NULL,
  `descricao` text NOT NULL,
  `ip_usuario` varchar(45) DEFAULT NULL,
  `data_hora` datetime DEFAULT current_timestamp(),
  PRIMARY KEY (`id`)
) ENGINE=InnoDB DEFAULT CHARSET=utf8mb4 COLLATE=utf8mb4_general_ci;
/*!40101 SET character_set_client = @saved_cs_client */;

--
-- Dumping data for table `logs_sistema`
--

LOCK TABLES `logs_sistema` WRITE;
/*!40000 ALTER TABLE `logs_sistema` DISABLE KEYS */;
/*!40000 ALTER TABLE `logs_sistema` ENABLE KEYS */;
UNLOCK TABLES;

--
-- Table structure for table `movimento_estoque`
--

DROP TABLE IF EXISTS `movimento_estoque`;
/*!40101 SET @saved_cs_client     = @@character_set_client */;
/*!40101 SET character_set_client = utf8 */;
CREATE TABLE `movimento_estoque` (
  `id` int(11) NOT NULL AUTO_INCREMENT,
  `codigo_barra` varchar(50) NOT NULL,
  `quantidade` int(11) NOT NULL,
  `tipo_movimento` varchar(50) NOT NULL,
  `usuario_id` int(11) NOT NULL,
  `data_hora` datetime NOT NULL,
  PRIMARY KEY (`id`)
) ENGINE=InnoDB DEFAULT CHARSET=utf8mb4 COLLATE=utf8mb4_general_ci;
/*!40101 SET character_set_client = @saved_cs_client */;

--
-- Dumping data for table `movimento_estoque`
--

LOCK TABLES `movimento_estoque` WRITE;
/*!40000 ALTER TABLE `movimento_estoque` DISABLE KEYS */;
/*!40000 ALTER TABLE `movimento_estoque` ENABLE KEYS */;
UNLOCK TABLES;

--
-- Table structure for table `pagamentos_vale`
--

DROP TABLE IF EXISTS `pagamentos_vale`;
/*!40101 SET @saved_cs_client     = @@character_set_client */;
/*!40101 SET character_set_client = utf8 */;
CREATE TABLE `pagamentos_vale` (
  `id` int(11) NOT NULL AUTO_INCREMENT,
  `vale_id` int(11) NOT NULL,
  `valor_pago` decimal(10,2) NOT NULL,
  `metodo_pagamento` varchar(50) DEFAULT NULL,
  `numero_transacao` varchar(100) DEFAULT NULL,
  `data_pagamento` datetime DEFAULT current_timestamp(),
  PRIMARY KEY (`id`),
  KEY `vale_id` (`vale_id`),
  CONSTRAINT `pagamentos_vale_ibfk_1` FOREIGN KEY (`vale_id`) REFERENCES `vales` (`id`)
) ENGINE=InnoDB AUTO_INCREMENT=10 DEFAULT CHARSET=utf8mb4 COLLATE=utf8mb4_general_ci;
/*!40101 SET character_set_client = @saved_cs_client */;

--
-- Dumping data for table `pagamentos_vale`
--

LOCK TABLES `pagamentos_vale` WRITE;
/*!40000 ALTER TABLE `pagamentos_vale` DISABLE KEYS */;
INSERT INTO `pagamentos_vale` VALUES (1,15,120.00,'dinheiro',NULL,'2025-07-01 18:50:40'),(2,20,175.00,'dinheiro',NULL,'2025-07-01 18:51:02'),(3,40,300.00,'dinheiro',NULL,'2025-07-01 18:52:09'),(4,41,290.00,'dinheiro',NULL,'2025-07-01 18:57:10'),(5,22,175.00,'dinheiro',NULL,'2025-07-01 19:00:35'),(6,16,175.00,'dinheiro',NULL,'2025-07-01 19:01:42'),(7,26,175.00,'dinheiro',NULL,'2025-07-01 19:02:02'),(8,24,175.00,'dinheiro',NULL,'2025-07-01 19:02:16'),(9,42,110.00,'mpesa',NULL,'2025-07-03 18:53:34');
/*!40000 ALTER TABLE `pagamentos_vale` ENABLE KEYS */;
UNLOCK TABLES;

--
-- Table structure for table `produtos`
--

DROP TABLE IF EXISTS `produtos`;
/*!40101 SET @saved_cs_client     = @@character_set_client */;
/*!40101 SET character_set_client = utf8 */;
CREATE TABLE `produtos` (
  `id` int(11) NOT NULL AUTO_INCREMENT,
  `nome` varchar(255) NOT NULL,
  `codigo_barra` varchar(100) NOT NULL,
  `preco` decimal(10,2) NOT NULL,
  `categoria_id` int(11) DEFAULT NULL,
  `quantidade_estoque` int(11) DEFAULT 0,
  `criado_em` timestamp NOT NULL DEFAULT current_timestamp(),
  `estoque` int(11) NOT NULL DEFAULT 0,
  `quantidade` int(11) NOT NULL DEFAULT 0,
  `imagem` varchar(255) DEFAULT NULL,
  PRIMARY KEY (`id`),
  UNIQUE KEY `codigo_barra` (`codigo_barra`),
  KEY `categoria_id` (`categoria_id`),
  CONSTRAINT `produtos_ibfk_1` FOREIGN KEY (`categoria_id`) REFERENCES `categorias` (`id`)
) ENGINE=InnoDB AUTO_INCREMENT=556 DEFAULT CHARSET=utf8mb4 COLLATE=utf8mb4_general_ci;
/*!40101 SET character_set_client = @saved_cs_client */;

--
-- Dumping data for table `produtos`
--

LOCK TABLES `produtos` WRITE;
/*!40000 ALTER TABLE `produtos` DISABLE KEYS */;
INSERT INTO `produtos` VALUES (128,'Test1','60000',1500.00,NULL,100,'2024-09-21 18:23:28',-6,-16,NULL),(129,'Massa Cotovelo','6009802818251',50.00,4,100,'2024-09-22 16:13:53',-28,-43,NULL),(130,'2M Txoti 270ml','6009653531002',55.00,1,1,'2024-11-06 10:17:39',0,-4,NULL),(131,'2M Lata 330ml','6009653530753',55.00,1,101,'2024-11-06 10:22:02',-16,-2,NULL),(132,'L. Preta Txoti 270ml','6009653531194',60.00,1,0,'2024-11-06 10:22:42',-2,-16,NULL),(133,'L. Preta Grande 550ml','Preta Grande',70.00,1,1,'2024-11-06 10:23:27',0,0,NULL),(134,'Lite Lata 550ml','6003326014885',65.00,1,0,'2024-11-06 10:24:12',-1,-3,NULL),(135,'Lite Mini 250 ML','6003326013758',50.00,1,0,'2024-11-06 10:28:40',0,0,NULL),(136,'Brutal 330ml','6003326013949',95.00,1,1,'2024-11-06 10:29:17',0,0,NULL),(137,'Hunters Gold 330ml','6001108055231',80.00,1,1,'2024-11-06 10:30:28',0,0,NULL),(138,'Hunters Dry 330ml','6001108055187',90.00,1,0,'2024-11-06 10:31:04',0,0,NULL),(139,'Bernini Lata 500ml','6001108108487',110.00,1,1,'2024-11-06 10:39:55',0,0,NULL),(140,'Flying Fish  Lemon 300ml','6003326009584',90.00,1,0,'2024-11-06 10:40:58',0,-5,NULL),(141,'Corona 335ml','6003326014526',90.00,1,1,'2024-11-06 10:41:34',0,0,NULL),(142,'Savana Lemon 300ml','6001108077981',90.00,1,0,'2024-11-06 10:42:15',0,-7,NULL),(143,'Impala Lata 330ml','Impala Lata',55.00,1,-1,'2024-11-06 10:42:46',0,-1,NULL),(144,'HEINIKEN TXOTI 275ml','9504000241087',85.00,1,1,'2024-11-06 10:44:21',0,89,NULL),(145,'Heiniken Lata 330ml','9504000241353',80.00,1,1,'2024-11-06 10:45:58',0,-4,NULL),(146,'Manica Lata 330ml','6009653531064',65.00,1,1,'2024-11-06 10:46:53',0,-2,NULL),(147,'Myfair 500ml','6009881127268',100.00,1,0,'2024-11-06 10:57:31',0,0,NULL),(148,'Schweps Gingeral 330ml','Gingeral',60.00,1,0,'2024-11-06 11:00:18',0,-1,NULL),(149,'Creme Soda Lata 330ml','Creme Soda Lata',60.00,1,0,'2024-11-06 11:00:43',0,0,NULL),(150,'Dragon 550ml','6009694633116',55.00,1,0,'2024-11-06 11:11:01',0,0,NULL),(151,'Monster 550ml','5060166698874',90.00,1,0,'2024-11-06 11:15:59',0,0,NULL),(152,'Switch 550ml','Switch',65.00,1,0,'2024-11-06 11:16:49',0,0,NULL),(153,'Coca Cola Lata 330ml','5449000000996',60.00,1,0,'2024-11-06 11:17:39',0,0,NULL),(154,'Fanta Uva 330ml','5449000069429',60.00,1,0,'2024-11-06 11:17:58',0,0,NULL),(155,'Sprit Lata 330ml','Sprit Lata ',60.00,1,0,'2024-11-06 11:18:12',0,0,NULL),(156,'Fanta Maca Lata 330ml','Fanta Maca Lata',60.00,1,0,'2024-11-06 11:18:43',0,0,NULL),(157,'Sparleta Morango Lata 330ml','5449000106322',60.00,1,0,'2024-11-06 11:23:44',0,0,NULL),(158,'Agua Tonica Lata 330ml','Agua Tonica',60.00,1,0,'2024-11-06 11:24:28',0,0,NULL),(159,'Schwepps Lemon Lata 330ml','Soda Lata',60.00,1,0,'2024-11-06 11:25:08',0,0,NULL),(160,'Coca Cola Garrafa 300ml','Coca Cola Garrafa',30.00,1,0,'2024-11-06 11:26:11',0,0,NULL),(161,'Sprit Garrafa 300ml','34',30.00,1,0,'2024-11-06 11:26:57',0,0,NULL),(162,'Fata Uva Garrafa 300ml','35',30.00,1,0,'2024-11-06 11:27:12',0,0,NULL),(163,'Fata Maca Garrafa 300ml','36',30.00,1,0,'2024-11-06 11:27:32',0,0,NULL),(164,'Fata Ananas Garrafa 300ml','37',30.00,1,0,'2024-11-06 11:27:49',0,0,NULL),(165,'Creme Soda Garrafa 300ml','1',30.00,1,0,'2024-11-06 11:29:30',0,0,NULL),(166,'Compal Tropical 500ml','5601151974353',75.00,4,0,'2024-11-06 11:30:48',0,-1,NULL),(167,'Sprit 1L','Sprit 1L',80.00,1,0,'2024-11-06 11:34:59',0,0,NULL),(168,'Sparleta 1L','Sparleta 1L',80.00,1,0,'2024-11-06 11:35:19',0,0,NULL),(169,'Creme Soda 1L','Creme Soda 1L',80.00,1,0,'2024-11-06 11:35:36',0,0,NULL),(170,'Refresco 1L','Refresco 1L',80.00,1,0,'2024-11-06 11:36:07',0,0,NULL),(171,'Fanta Ananas Lata 330ml','5449000003201',60.00,1,0,'2024-11-06 11:36:23',0,0,NULL),(172,'Lemon Twist','Lemon Twist',60.00,1,0,'2024-11-06 11:37:31',0,0,NULL),(173,'Test','4000',0.50,4,0,'2024-11-06 11:49:53',0,0,NULL),(174,'Coca Cola Zero 330ml','5449000131805',30.00,1,0,'2024-11-06 12:26:14',0,100,NULL),(175,'Agua Vumba 330ml','Agua Vumba ',35.00,1,0,'2024-11-06 12:36:11',0,0,NULL),(176,'Agua Plus 600ml','6009832820507',30.00,1,0,'2024-11-06 12:37:49',0,0,NULL),(177,'Ceres 500ml','55',70.00,4,0,'2024-11-06 12:46:44',0,0,NULL),(178,'Ceres 1Litros','6001240100288',135.00,4,0,'2024-11-06 12:47:30',0,0,NULL),(179,'L. Preta Lata 330ml','Preta Lata',65.00,1,0,'2024-11-06 12:51:25',0,0,NULL),(180,'Txilar Lata 330ml','9504000241322',50.00,1,0,'2024-11-06 12:52:38',0,-9,NULL),(181,'Txilar Txoti 275ml','9504000241223',60.00,1,0,'2024-11-06 12:53:41',0,0,NULL),(182,'Txilar 500ml','Txilar Grande',50.00,1,1,'2024-11-06 12:58:06',0,-9,NULL),(183,'Impala 550ml','Impala Grande ',50.00,1,-6,'2024-11-06 14:05:34',0,-57,NULL),(184,'Vinagre Branco 750ml','6002833000336',60.00,4,-2,'2024-11-06 14:15:49',0,-1,NULL),(185,'Nik Naks','6009510804683',5.00,4,0,'2024-11-06 14:17:21',0,-1,NULL),(186,'Chippa Peri-peri Chicken','6009801460024',5.00,4,0,'2024-11-06 14:18:11',0,-11,NULL),(187,'Cheeps - Hello Tomato','6009645792404',5.00,4,0,'2024-11-06 14:19:03',0,0,NULL),(188,'Papel Higienico - Softuch','6004586000977',35.00,3,0,'2024-11-06 14:19:39',0,0,NULL),(189,'Jam','6009669050283',80.00,4,0,'2024-11-06 14:20:55',0,0,NULL),(190,'Penso Day to Day','6009680771853',60.00,4,1,'2024-11-06 14:24:27',0,0,NULL),(191,'Leite Clover Ultra 500ml','6001299026881',60.00,4,0,'2024-11-06 14:25:07',-6,-10,NULL),(192,'Oleo Somol 2L','6001565023835',270.00,4,1,'2024-11-06 14:30:41',0,-1,NULL),(193,'Tomate Sauce All Gold 700 ml','60019578',170.00,4,0,'2024-11-06 14:32:50',0,0,NULL),(194,'Danone Nutriday','6009708461919',30.00,4,0,'2024-11-06 14:35:05',0,0,NULL),(195,'Colgate Triple Action','6920354814891',80.00,4,-1,'2024-11-06 14:38:59',0,0,NULL),(196,'Penso Always Azul','8700216268011',130.00,4,0,'2024-11-06 14:40:16',0,0,NULL),(197,'Penso Kotex','6001019911794',100.00,4,0,'2024-11-06 14:41:02',0,0,NULL),(198,'Shibobo Mini Vanilla','6009645791339',15.00,4,0,'2024-11-06 14:43:05',0,0,NULL),(199,'Cerelac 200g','Cerelac ',170.00,4,0,'2024-11-06 14:44:39',0,0,NULL),(200,'Baby Wipes','6971003980245',100.00,4,0,'2025-01-15 14:51:12',0,0,NULL),(201,'Sal Fino 1kg','10096086',60.00,4,0,'2025-01-15 14:55:58',0,-1,NULL),(202,'Sal Grosso Kingfisher 500g','Sal Grosso',30.00,4,0,'2025-01-15 14:57:20',0,0,NULL),(203,'2M Grande 550ml','2M Grande',60.00,1,101,'2024-11-09 04:30:47',0,-9,NULL),(204,'Heiniken Silver Lata','6009705712892',110.00,1,0,'2024-11-09 04:33:28',0,0,NULL),(205,'Spin','Spin',80.00,1,0,'2024-11-09 04:35:45',0,0,NULL),(206,'Red Bull','9002490100070',100.00,1,0,'2024-11-09 04:36:42',0,0,NULL),(207,'Red Bull Grande','100',110.00,1,0,'2024-11-09 04:37:19',0,0,NULL),(208,'Four Causen Pequeno','Four Causen Pequeno',400.00,1,0,'2024-11-09 04:45:21',0,0,NULL),(209,'Four Causen Grande','Four Causen Grande',600.00,1,0,'2024-11-09 04:45:48',0,0,NULL),(210,'JC Lata','6001108073587',100.00,1,0,'2024-11-09 05:06:57',0,-1,NULL),(211,'Escape','Escape',500.00,1,0,'2024-11-09 05:11:17',0,0,NULL),(212,'Ovo','ovo',15.00,4,0,'2024-11-12 21:19:33',0,-6,NULL),(213,'Bolacha Agua e Sal Bites','6009603571218',25.00,4,0,'2024-11-12 21:20:33',0,0,NULL),(214,'Bolacha Maria Pequena','6009603571195',25.00,4,0,'2024-11-12 21:20:49',0,-1,NULL),(215,'Biscoito','Biscoito',5.00,4,0,'2024-11-12 21:21:13',0,0,NULL),(216,'Compal Da Terra 500ml','5601151973318',70.00,4,0,'2024-11-12 21:22:10',0,0,NULL),(217,'Compal Da Terra 1L','Compal grande',150.00,4,0,'2024-11-12 21:22:38',0,0,NULL),(218,'MAQ 2kg','MAQ 2kg',300.00,4,0,'2024-11-12 21:24:36',0,0,NULL),(219,'Uma Duzia De Ovos','Uma Duzia',140.00,4,1,'2024-11-12 21:25:02',0,-1,NULL),(220,'Caldo Benny Embalagem','6009522305741',210.00,4,0,'2024-11-12 21:27:33',0,0,NULL),(221,'Refresco garrafa 300ml','Refresco garrafa',25.00,1,2,'2024-11-12 21:42:23',0,-8,NULL),(222,'Javel Jk Regular','6001106107031',120.00,4,0,'2024-11-12 22:33:51',0,0,NULL),(223,'Aguafresh Limao','6001076001025',80.00,4,-2,'2024-11-12 22:34:17',0,-2,NULL),(224,'Dragao Limpo','Dragao',15.00,4,0,'2025-01-15 13:57:11',0,-1,NULL),(225,'Refresco 2l','Refresco 2l',120.00,1,0,'2024-11-13 13:58:44',0,-2,NULL),(226,'Caneta Big','Caneta Big',15.00,4,0,'2024-11-13 13:59:28',0,0,NULL),(227,'Caneta Europa','Caneta Europa',15.00,4,0,'2024-11-13 13:59:53',0,0,NULL),(228,'Meia Duzia de Ovo','Meia Duzia',70.00,4,1,'2024-11-13 14:18:03',0,-2,NULL),(229,'Dragao Limpo Caixinha','Dragao caixinha',60.00,4,0,'2024-11-13 19:23:27',0,0,NULL),(230,'Manica 500ml','Manica Grande',85.00,1,0,'2024-11-14 18:12:31',0,0,NULL),(231,'Bolacha Crembi','6291003032080',30.00,4,0,'2024-11-14 18:15:09',0,0,NULL),(232,'Bolacha Maria Grande','6009603571201',50.00,4,0,'2024-11-14 18:16:07',0,0,NULL),(233,'Bolacha Aguas e Sal ','6009819740811',25.00,4,0,'2024-11-14 18:16:47',0,0,NULL),(234,'Bolacha Bites','6009819740040',20.00,4,0,'2024-11-14 18:17:42',0,0,NULL),(235,'Compal 200ml','Compal pequeno',30.00,4,0,'2024-11-14 18:23:24',0,0,NULL),(236,'Agua Plus 1Litro','6009832820576',50.00,1,0,'2024-11-14 18:27:44',0,0,NULL),(237,'So Klim','8998866624947',10.00,4,0,'2024-11-14 18:31:28',0,0,NULL),(238,'Penso Usual','793573264893',85.00,4,1,'2024-11-14 18:32:16',0,-4,NULL),(239,'Sabonete Securex','6009678264152',65.00,4,1,'2024-11-14 18:32:51',0,-2,NULL),(240,'Atum','Atum',100.00,4,0,'2024-11-14 18:41:37',0,-1,NULL),(241,'Coca Cola Txoti 300ml','42117131',35.00,1,0,'2024-11-14 19:07:58',0,0,NULL),(242,'Bon Bon','Bon Bon',20.00,4,0,'2024-11-14 19:10:11',0,0,NULL),(243,'PASTILHA','PASTILHA',2.00,4,0,'2024-11-14 19:11:27',0,-2,NULL),(244,'Menta Fabuloso','Menta',2.50,4,1,'2024-11-14 19:12:10',0,0,NULL),(245,'Doce Pin Pop','Pin Pop',5.00,4,0,'2024-11-14 19:13:00',0,-3,NULL),(246,'Arrufada','Arrufada',7.00,4,0,'2024-11-14 19:13:34',0,0,NULL),(247,'Massa Espargueta','6009808630314',50.00,4,-2,'2024-11-14 19:16:02',0,0,NULL),(248,'Teste de systema','test2',12.00,NULL,0,'2024-11-14 19:39:17',0,0,NULL),(249,'Gulabos','Gulabos',20.00,4,0,'2024-11-15 19:57:54',0,0,NULL),(250,'Fralda','Fralda',10.00,4,0,'2024-11-15 20:07:35',0,-6,NULL),(251,'Wisky Glented','Wisky Glented',560.00,1,0,'2024-11-15 20:12:18',0,0,NULL),(252,'Vinho Organic Merlot','Vinho Organic',600.00,1,0,'2024-11-16 17:53:16',0,0,NULL),(253,'Vinho Cabriz','Vinho Cabriz',900.00,1,0,'2024-11-16 17:55:37',0,0,NULL),(254,'Quinta Bolota','Vinho Quinta Bolota',1100.00,1,0,'2024-11-16 18:01:15',0,0,NULL),(255,'Vinho Nederburg','Vinho Nederburg',500.00,1,0,'2024-11-16 18:07:32',0,0,NULL),(256,'Vinho Rosso Peaks','Vinho Rosso Peaks',500.00,1,0,'2024-11-16 18:08:30',0,-1,NULL),(257,'Amarula 750 ml','Amarula Grande',800.00,1,0,'2024-11-16 18:12:26',0,0,NULL),(258,'Savana Dry','6001108028044',90.00,1,0,'2024-11-17 21:56:06',0,-2,NULL),(259,'Bernini Pink','6001108055835',90.00,1,0,'2024-11-17 21:57:37',0,0,NULL),(260,'Rachel','Rachel',20.00,4,0,'2024-11-17 22:27:29',0,0,NULL),(261,'Wisky Grants','Wisky Grants',800.00,1,0,'2024-11-20 07:50:07',0,0,NULL),(262,'Palhinha','Palhinha',5.00,4,0,'2024-11-20 08:03:58',0,0,NULL),(263,'Tigelinhas','Tigelinhas',20.00,4,0,'2024-11-20 08:04:39',0,0,NULL),(264,'Copo Pequeno','Copo Pequeno',10.00,1,0,'2024-11-20 08:06:09',0,0,NULL),(265,'Refresco Txoti','Refresco Txoti',35.00,1,0,'2024-11-20 08:10:47',0,0,NULL),(266,'Emilia Lunato','Lunato',800.00,1,0,'2024-11-21 08:39:08',0,0,NULL),(267,'Lucky Star - Sardinha','5010821122008',65.00,4,1,'2024-11-21 08:42:02',0,-2,NULL),(268,'Lite 330ml','6003326015721',65.00,1,0,'2024-11-24 16:29:23',0,0,NULL),(269,'Ceres 200ml','6001240200018',40.00,4,0,'2024-11-24 16:30:38',0,0,NULL),(270,'GT','GT',5.00,4,0,'2024-11-24 17:02:54',0,-6,NULL),(271,'Martini Rosso','Martini Rosso',750.00,1,0,'2024-11-24 17:06:48',0,0,NULL),(272,'Bolacha Coco Pequena','6009603570648',25.00,4,0,'2024-11-24 17:41:32',0,0,NULL),(273,'BOLACHA BITE TOFFCO','6009819740095',15.00,4,100,'2024-11-24 17:42:31',0,0,NULL),(274,'Takaway','Takaway',15.00,4,0,'2024-11-24 17:50:54',0,0,NULL),(275,'Coco Plus','Coco Plus',5.00,4,0,'2024-11-24 17:57:11',0,0,NULL),(276,'Nutriday Natural','6009708462671',200.00,4,0,'2024-11-25 19:06:20',0,0,NULL),(277,'Oleio D\'lite 375 ml','6001565009020',80.00,4,0,'2024-11-25 19:16:19',0,0,NULL),(278,'Bolacha Topper','6001056412919',70.00,4,0,'2024-11-25 19:35:59',0,0,NULL),(279,'Bolacha Maria Blue Label','6001056453004',120.00,4,0,'2024-11-25 19:37:08',0,-2,NULL),(280,'Royal','7622210933881',35.00,4,0,'2024-11-25 19:47:37',0,-1,NULL),(281,'Massa Polana Esparguete','6009603571997',50.00,4,0,'2024-11-30 15:22:04',0,0,NULL),(282,'Vinagre Top Branco  37ml','6002833000046',30.00,4,0,'2024-11-30 15:23:56',0,-1,NULL),(283,'Vinagre Castanho 750ml','6006414000623',60.00,4,0,'2024-11-30 15:32:36',0,0,NULL),(284,'Chippa Peri-peri','6009707012266',5.00,4,0,'2024-11-30 15:37:08',0,0,NULL),(285,'Fosforo Embalagem','6001064000207',30.00,4,0,'2024-11-30 15:38:35',0,0,NULL),(286,'Frozy','60098797913046',20.00,1,0,'2024-11-30 16:45:36',0,-1,NULL),(287,'CAPPY GUAVA330ml','5449000305862',35.00,1,0,'2024-11-30 18:30:13',0,100,NULL),(288,'Santal 500ml','6001049049276',70.00,4,0,'2024-11-30 18:33:52',0,0,NULL),(289,'Dragao Caixinha','6924012159416',60.00,4,0,'2024-12-02 17:58:36',0,0,NULL),(290,'Frozy Maca','6009879713046',20.00,1,0,'2024-12-08 11:57:28',0,0,NULL),(291,'Rachel+Pao','Rachel+Pao',100.00,4,0,'2024-12-08 14:01:40',0,0,NULL),(292,'Super Glue Cola Tudo','8901860051367',10.00,4,0,'2024-12-10 17:52:40',0,0,NULL),(293,'Amendoin torado','Amendoin torado',10.00,4,0,'2024-12-10 17:53:23',0,-1,NULL),(294,'Castanha Torrada','Castanha',50.00,4,0,'2024-12-10 17:54:02',0,0,NULL),(295,'Folha de Cha 5','Folha de Cha 5',5.00,4,0,'2024-12-10 18:55:40',0,0,NULL),(296,'Cabeca de Alho','Alho',10.00,4,0,'2024-12-10 20:05:50',0,0,NULL),(297,'Frozy Energetico','6161105450597',35.00,1,0,'2024-12-13 12:19:39',0,0,NULL),(298,'Frozy Manga','6009879713077',20.00,1,0,'2024-12-13 12:20:26',0,0,NULL),(299,'Frozy Uva','6009900076737',20.00,1,0,'2024-12-13 12:21:25',0,0,NULL),(300,'Frozy Litcha','6009900076775',20.00,1,0,'2024-12-13 12:22:31',0,0,NULL),(301,'Frozy Limao 1L','6009879713107',70.00,1,0,'2024-12-13 12:24:20',0,0,NULL),(302,'Palmar Azul','Palmar Azul',7.00,4,0,'2024-12-13 14:12:47',0,0,NULL),(303,'Cigarro Pine','Pine',5.00,4,0,'2024-12-13 14:13:44',0,0,NULL),(304,'Ceres Misturas 200 ML','6001240200667',40.00,4,0,'2024-12-14 17:02:35',0,0,NULL),(305,'Five Rose','6001156230062',120.00,4,0,'2024-12-14 18:59:50',0,0,NULL),(306,'Stella Artois Lata','6003326014793',120.00,1,0,'2024-12-14 21:10:06',0,0,NULL),(307,'Castle Double Malt','6003326015387',90.00,1,0,'2024-12-14 21:11:24',0,0,NULL),(308,'Dairly Milk Mint Crisp','6001065601076',110.00,4,0,'2024-12-16 21:20:35',0,0,NULL),(309,'Nivea Dry','42389163',150.00,4,0,'2024-12-16 21:24:34',0,0,NULL),(310,'Bayegom Limpo','6936282086002',150.00,4,0,'2024-12-16 21:26:15',0,0,NULL),(311,'TANGY Mayonase Medio','6001571122218',180.00,4,0,'2024-12-18 09:21:05',0,0,NULL),(312,'Tomate Sauce 2kg','6006414000739',120.00,4,0,'2024-12-18 09:21:52',0,0,NULL),(313,'Stayfree Penso','6003001026127',80.00,4,0,'2024-12-18 09:22:37',0,0,NULL),(314,'Sunlight 750ml','6001087358743',140.00,4,0,'2025-01-14 17:06:40',0,0,NULL),(315,'Mayonaise Tangy','6009522301262',180.00,4,0,'2025-01-14 17:07:45',0,0,NULL),(316,'Caldo Benny Saqueta','6009522305734',10.00,4,0,'2025-01-14 17:09:37',0,0,NULL),(317,'Nutriday Medio 450g','6009708463425',130.00,4,0,'2025-01-14 17:10:08',0,0,NULL),(318,'Nutriday Grande 900g','6009708463470',200.00,4,0,'2025-01-14 17:10:41',0,0,NULL),(319,'Acucar 1kg','6009674390077',110.00,4,0,'2025-01-14 17:11:07',0,0,NULL),(320,'Instantania White Star','6001571127008',120.00,4,0,'2025-01-14 17:14:05',0,0,NULL),(321,'Leite Clover Ultra 1L','6001299026973',110.00,4,0,'2025-01-14 17:20:51',0,0,NULL),(322,'Agua Namaacha 500ml','6009670370028',30.00,1,0,'2025-01-14 17:21:18',0,0,NULL),(323,'Agua Namaacha 1L','6009670370004',60.00,1,0,'2025-01-14 17:21:39',0,0,NULL),(324,'Sumo Cappy 1L','5449000306579',85.00,4,1,'2025-01-14 17:23:16',0,-1,NULL),(325,'Guardanapo Napee','258822324259',60.00,4,0,'2025-01-14 17:26:20',0,0,NULL),(326,'Fosforo Impala','60024565',5.00,4,0,'2025-01-14 17:26:47',0,-3,NULL),(327,'Baygon','6001298899714',120.00,4,0,'2025-01-14 17:28:43',0,0,NULL),(328,'Folha de Cha Europa','6291109182429',100.00,4,0,'2025-01-14 17:29:49',0,0,NULL),(329,'Sabao Bingo','Bingo',70.00,4,0,'2025-01-14 17:30:49',0,0,NULL),(330,'Danone Ultra Mel','Danone grande',40.00,4,0,'2025-01-14 17:31:18',0,0,NULL),(331,'Sal Fino Garfinha','6014418739746',60.00,4,0,'2025-01-14 17:33:15',0,0,NULL),(332,'Arroz Aroma','6009900506180',110.00,4,0,'2025-01-14 17:33:37',0,0,NULL),(333,'Tomate Natural','6009705040568',75.00,4,0,'2025-01-14 17:34:03',0,0,NULL),(334,'Sumo Cappy Tropical 300ml','54017726',40.00,4,0,'2025-01-14 17:35:32',0,0,NULL),(335,'Sprite Txoti 300ml','5449000238894',30.00,1,0,'2025-01-14 17:37:43',0,0,NULL),(336,'Agua Plus 6L','6009832820521',85.00,1,0,'2025-01-15 11:19:32',0,0,NULL),(337,'Copo 15','Copo 15',15.00,1,0,'2025-01-15 11:20:00',0,0,NULL),(338,'Chocolate','6001065601014',110.00,4,0,'2025-01-15 11:20:26',0,0,NULL),(339,'Savana 500ml','Savana grande',150.00,1,0,'2025-01-15 11:21:44',0,0,NULL),(340,'Santal 1Litro','6001049049177',140.00,4,1,'2025-01-15 11:22:15',0,-2,NULL),(341,'Cape Sweet Red','Vinho Cape',500.00,1,0,'2025-01-15 11:22:44',0,0,NULL),(342,'Silc & Spice','5601012837636',900.00,1,1,'2025-01-15 11:23:28',0,0,NULL),(343,'Vinho Mucho Mas','8410702055635',1100.00,1,0,'2025-01-15 11:24:01',0,0,NULL),(344,'Vinho Rosso Peaks','700083592583',500.00,1,0,'2025-01-15 11:24:40',0,0,NULL),(345,'Vinho Monterosso 750 ml','781159208232',550.00,1,1,'2025-01-15 11:25:15',0,0,NULL),(346,'Bernini Classic','6001108055798',90.00,1,0,'2025-01-15 11:27:03',0,0,NULL),(347,'Strongbow','6009705710478',90.00,1,0,'2025-01-15 11:27:55',0,0,NULL),(348,'Luck Satr Pilchards','5010821132007',65.00,4,0,'2025-01-15 11:31:40',0,0,NULL),(349,'Queijo','Queijo',15.00,4,0,'2025-01-15 11:33:02',0,-2,NULL),(350,'Cappy Exotico Lata','5449000305879',70.00,4,0,'2025-01-15 11:33:58',0,0,NULL),(351,'Mayo Morango','6002004001353',60.00,4,0,'2025-01-15 11:34:18',0,0,NULL),(352,'Caldo Ricci','781718159685',5.00,4,1,'2025-01-15 11:34:55',0,-2,NULL),(353,'Vinagre de Limao TOP','6002833001111',100.00,4,0,'2025-01-15 11:36:43',0,0,NULL),(354,'Pop Corn - Milho de PiPocas','6009667670230',70.00,4,0,'2025-01-15 11:37:30',0,0,NULL),(355,'Colgate Carvao','8904271313031',80.00,4,0,'2025-01-15 11:38:00',0,0,NULL),(356,'Hand Hand','6001087006057',130.00,1,0,'2025-01-15 11:38:45',0,0,NULL),(357,'Nivea Man','42354963',150.00,4,0,'2025-01-15 11:40:00',0,0,NULL),(358,'Ricoffy','6009188000349',150.00,4,0,'2025-01-15 11:40:30',0,0,NULL),(359,'Vinagre Top Castanho 375ml','6006414000609',60.00,4,0,'2025-01-15 11:54:32',0,0,NULL),(360,'Top Score','6009603570419',75.00,4,1,'2025-01-15 11:55:06',0,-1,NULL),(361,'Mayo Banana','6002004001360',60.00,4,0,'2025-01-15 11:55:42',0,0,NULL),(362,'Nestle Cacau 62,5 g','6001068002207',140.00,4,0,'2025-01-15 11:56:34',0,0,NULL),(363,'Nestle Cacau 125 g','6001068002306',180.00,4,0,'2025-01-15 11:57:16',0,0,NULL),(364,'Palito de Dente','6972766010316',25.00,4,0,'2025-01-15 11:59:49',0,0,NULL),(365,'Fying Fish Apple','6003326016438',90.00,1,0,'2025-01-15 12:00:16',0,0,NULL),(366,'Namaacha 5L','6009670370011',80.00,1,0,'2025-01-15 12:01:27',0,0,NULL),(367,'Bite Milco','6009819740088',20.00,4,0,'2025-01-15 12:02:16',0,0,NULL),(368,'Bite Lemon','6009819740057',15.00,4,0,'2025-01-15 12:02:42',0,0,NULL),(369,'Bite Banana','6009819740101',15.00,4,0,'2025-01-15 12:02:59',0,0,NULL),(370,'Escova de Dentes','6001067023302',40.00,4,0,'2025-01-15 12:03:49',0,-2,NULL),(371,'G-Vita','746747149328',7.00,4,1,'2025-01-15 12:04:55',0,0,NULL),(372,'Oleio Sunseed 5 Litros','6001461786056',750.00,4,0,'2025-01-15 12:05:30',0,0,NULL),(373,'Coca Cola 2 Litros','5449000000286',120.00,1,0,'2025-01-15 12:05:57',0,-5,NULL),(374,'Coca Cola 1L','5449000054227',80.00,1,0,'2025-01-15 12:06:23',0,0,NULL),(375,'Topper Menta','6009704170136',60.00,4,0,'2025-01-15 12:08:09',0,0,NULL),(376,'Bakers Tennis','6001056662000',120.00,4,1,'2025-01-15 12:08:40',0,0,NULL),(377,'Bakers Romany Creams','6001125001877',160.00,4,0,'2025-01-15 12:10:34',0,0,NULL),(378,'Gold Masso','6009888464038',60.00,4,0,'2025-01-15 12:19:02',0,0,NULL),(379,'Frozy Lemon','6009900076683',20.00,1,0,'2025-01-15 12:19:39',0,0,NULL),(380,'Cigaro Gold','Gold',3.00,4,1,'2025-01-15 12:20:25',0,-16,NULL),(381,'Knorr Soup Vegetable','6001087359573',35.00,4,0,'2025-01-15 12:21:09',0,0,NULL),(382,'Cotonete','Cotonete',50.00,4,0,'2025-01-15 12:33:25',0,0,NULL),(383,'Fanta Laranja Garrafa','40822921',30.00,1,0,'2025-01-15 14:26:05',0,0,NULL),(384,'Corona Lata','6003326016711',120.00,1,0,'2025-01-15 14:27:56',0,0,NULL),(385,'Yogi Yo','6002051000019',60.00,4,0,'2025-01-15 14:28:22',0,0,NULL),(386,'Fanta Laranja Txoti','90377884',35.00,1,0,'2025-01-15 14:28:49',0,0,NULL),(387,'Yogi Yo Morango','6002051000125',60.00,4,0,'2025-01-15 14:29:18',0,0,NULL),(388,'Frozy Energetico Lata','6009879713169',60.00,1,0,'2025-01-15 14:30:07',0,0,NULL),(389,'Fanta Laranja Lata','5449000011527',60.00,1,0,'2025-01-15 14:30:52',0,0,NULL),(390,'Tomate Sauce All Gold 350ml','60019585',140.00,4,0,'2025-01-15 14:32:35',0,0,NULL),(391,'Black Cat Smooth Peanut','60058461',140.00,4,0,'2025-01-15 14:36:47',0,0,NULL),(392,'Mayonase 375ml','6009522301224',140.00,4,0,'2025-01-15 14:37:55',0,0,NULL),(393,'Freshpak Rooibos','6009702443744',100.00,4,0,'2025-01-15 14:38:24',0,0,NULL),(394,'chiklete','chiklete',20.00,4,0,'2025-01-15 14:38:56',0,0,NULL),(395,'Budweiser','6003326012614',90.00,1,0,'2025-01-15 14:39:58',0,-1,NULL),(396,'Maq 1 kg','6009678261465',170.00,3,0,'2025-01-15 14:48:56',0,0,NULL),(397,'Super Glue Cola','6020223103443',20.00,4,0,'2025-01-15 14:52:05',0,0,NULL),(398,'Koo Sweetened Brine','6009522308186',100.00,4,0,'2025-01-15 14:53:01',0,0,NULL),(399,'Knorr Soup Chicken','6001038001551',35.00,4,0,'2025-01-15 14:53:48',0,0,NULL),(400,'Arroz Golden Harvest','6009801081120',110.00,4,0,'2025-01-15 14:54:22',0,0,NULL),(401,'JC Le Roux','6001497114007',550.00,1,0,'2025-01-15 14:55:03',0,0,NULL),(402,'Amarula 375ml','6001495062478',400.00,1,0,'2025-01-15 14:55:37',0,0,NULL),(403,'Monte Velho Esporao','5601989001412',700.00,1,0,'2025-01-15 14:56:01',0,0,NULL),(404,'Esfregao','Esfregao',15.00,4,-2,'2025-01-15 14:56:29',0,0,NULL),(405,'Espoja de Loica','Espoja',15.00,4,0,'2025-01-15 14:56:48',0,0,NULL),(406,'Maq Fita','6009678260260',10.00,3,0,'2025-01-15 14:57:16',0,0,NULL),(407,'Kotex Maxi Protect','5029053535760',100.00,4,0,'2025-01-15 14:57:48',0,0,NULL),(408,'Vela','Vela',20.00,4,0,'2025-01-15 14:58:09',0,0,NULL),(409,'Essence Vanila 40ml','60017024',80.00,4,0,'2025-01-15 14:58:45',0,0,NULL),(410,'Essence Vanila','6001038172558',150.00,4,0,'2025-01-15 14:59:13',0,0,NULL),(411,'Snow White Farinha','6006773000852',70.00,4,0,'2025-01-15 15:00:01',0,0,NULL),(412,'Bolacha Coco Grande','6009603571249',50.00,4,0,'2025-01-15 15:00:30',0,0,NULL),(413,'Nivea Men Stress Protect','42299813',150.00,4,0,'2025-01-15 15:01:44',0,0,NULL),(414,'Nivea Black White','42299806',150.00,4,0,'2025-01-15 15:02:30',0,0,NULL),(415,'Ballantine\'s','5010106111536',800.00,1,0,'2025-01-15 15:02:53',0,0,NULL),(416,'Fanta Laranja 2l','5449000004840',120.00,1,0,'2025-01-15 15:05:38',0,0,NULL),(417,'Sprite 2 Litros','5449000234636',120.00,1,0,'2025-01-15 15:05:58',0,0,NULL),(418,'Fanta Ananas 2 Litros','5449000003768',120.00,1,0,'2025-01-15 15:06:14',0,0,NULL),(419,'Agua Kool 1 Litros','6009802913093',60.00,1,0,'2025-01-15 15:06:41',0,0,NULL),(420,'Raja Fita','6001038256203',15.00,4,0,'2025-01-15 15:07:06',0,0,NULL),(421,'G-Vita Tropical','606110414012',7.00,4,1,'2025-01-15 15:08:05',0,0,NULL),(422,'Manteiga Rama','6009710390214',85.00,4,0,'2025-01-15 15:08:34',0,0,NULL),(423,'Faninha Flor Bela','6009603570013',85.00,4,0,'2025-01-15 15:09:12',0,-1,NULL),(424,'Plastico Medio','Plastico Medio',2.00,4,0,'2025-01-15 15:09:37',0,0,NULL),(425,'Plastico Grande','Plastico Grande',3.00,4,0,'2025-01-15 15:09:54',0,0,NULL),(426,'Sabonete Dettol','6001106123840',75.00,4,0,'2025-01-15 15:12:20',0,-1,NULL),(427,'Bom Bom','92000100',20.00,4,0,'2025-01-15 15:13:07',0,0,NULL),(428,'cafe ricofe','2020',100.00,4,0,'2025-06-09 08:55:06',0,-4,NULL),(430,'Arroz Maria','100200',1500.00,4,100,'2025-06-09 09:15:27',0,100,NULL),(431,'Cafe Gelado','1001000',250.00,1,0,'2025-06-10 10:19:39',0,100,NULL),(433,'COMPALINHO 200ML','5601151964187',40.00,1,0,'2025-06-14 14:31:00',0,99,NULL),(434,'CERELAC','7613287767684',200.00,4,0,'2025-06-14 14:31:39',0,100,NULL),(435,'EET SUM MOR','EET SUM MOR',140.00,4,0,'2025-06-14 14:32:38',0,100,NULL),(436,'CEBOLA ','CEBOLA 10',10.00,4,0,'2025-06-14 14:33:00',0,100,NULL),(437,'CABECA DE ALHO','ALHO 10',10.00,4,0,'2025-06-14 14:33:33',0,100,NULL),(438,'AGUA E SAL GRANDE','AGUA E SAL GRANDE',50.00,4,0,'2025-06-14 14:34:15',0,90,NULL),(442,'ACUCAR BRANCO','5009674390305',120.00,4,0,'2025-06-14 14:37:32',0,98,NULL),(443,'ATUM BOM AMIGO ','5602315005005',110.00,4,0,'2025-06-14 14:39:29',0,100,NULL),(444,'D.VITTA','6947042430126',60.00,4,0,'2025-06-14 14:44:00',0,99,NULL),(445,'LUCKY STAR GRANDE','6001115001535',150.00,4,0,'2025-06-14 14:44:57',0,100,NULL),(446,'MOJITTO  A LATA 500ML','6009711081562',100.00,1,0,'2025-06-14 14:45:40',0,100,NULL),(447,'OLEO DONA 1 LITRO','956000124711',170.00,4,0,'2025-06-14 14:46:28',0,98,NULL),(448,'ARROZ MARIANA 1KG','6009819740309',100.00,4,0,'2025-06-14 14:47:12',0,99,NULL),(449,'TOP TOMATE SOUCE 500 G','6006414000678',60.00,1,0,'2025-06-14 14:48:03',0,100,NULL),(451,'RICOFF 250 G','6001068323005',280.00,4,0,'2025-06-14 14:50:00',0,100,NULL),(452,'CUSTARD POWDER 250 G','600132520336',120.00,4,0,'2025-06-14 14:50:49',0,100,NULL),(453,'PROTAL LEITE CONDESSADO','401817009826',120.00,4,0,'2025-06-14 14:51:32',0,100,NULL),(454,'TRINCO  250 G','6001156232257',180.00,4,0,'2025-06-14 14:52:20',0,100,NULL),(455,'FARINHA XILUVA 1KG','6009808630109',95.00,4,0,'2025-06-14 14:53:08',0,100,NULL),(456,'MASSA ESPARGUETA MULHER','6291003059452',45.00,4,0,'2025-06-14 14:53:56',0,100,NULL),(457,'KOO BAKED BEANS','6009522300586',110.00,4,0,'2025-06-14 14:54:34',0,100,NULL),(458,'COMPAL DA TERRA - MANGA','5601151975527',140.00,4,0,'2025-06-14 14:55:19',0,98,NULL),(459,'HAND HAND ','6001087006095',140.00,3,0,'2025-06-14 14:55:52',0,100,NULL),(460,'LAMPADA LIMPO ','LAMPADA LIMPO',25.00,4,0,'2025-06-14 14:56:22',0,100,NULL),(461,'ALLYONS LAMPADA 15W','693487956031',100.00,4,0,'2025-06-14 14:57:30',0,99,NULL),(462,'COLGATE HERBAL','6920354817823',95.00,4,0,'2025-06-14 14:58:04',0,100,NULL),(463,'AQUEOUS CREAM ','600965724665',250.00,4,0,'2025-06-14 14:59:01',0,2,NULL),(464,'SOFT ZONA VITAMINA JHONSON','6009605230151',80.00,4,0,'2025-06-14 14:59:47',0,4,NULL),(466,'TETLEY TEA BLAND','6006822001694',100.00,4,0,'2025-06-14 15:01:33',0,100,NULL),(467,'CREMORA ','6009188002688',280.00,4,0,'2025-06-14 15:02:15',0,10,NULL),(468,'CREMORA ','CREMORA MEIO QUILO',140.00,4,0,'2025-06-14 15:02:48',0,100,NULL),(469,'AGUA PURA 500 ML','6009646580987',30.00,1,0,'2025-06-14 15:03:32',0,95,NULL),(470,'AGUA VUMBA 1.5 L','6009646581007',70.00,1,0,'2025-06-14 15:04:56',0,100,NULL),(471,'AGUA VUMBA 500 ML','6009646581014',40.00,1,0,'2025-06-14 15:05:50',0,100,NULL),(472,'AGUA PURA 1.5 L','6009646580994',50.00,1,0,'2025-06-14 15:06:27',0,99,NULL),(474,'BOLACHA BITE MINI','9504000181758',10.00,4,0,'2025-06-14 15:12:14',0,100,NULL),(475,'BLACK PEPER - PIMENTA PRETA','6009001014119',15.00,4,0,'2025-06-14 15:13:06',0,100,NULL),(477,'Fanta MACA 2 Litros','5449000664525',120.00,1,0,'2025-06-14 15:14:58',0,100,NULL),(478,'FANTA LARANJA 1 LITRO','5449000006271',80.00,1,0,'2025-06-14 15:16:01',0,99,NULL),(479,'FIZZ UVA','6009832820163',20.00,1,0,'2025-06-14 15:19:03',0,100,NULL),(480,'LOWVELD BANANA','6007575000569',65.00,1,0,'2025-06-14 15:20:06',0,99,NULL),(481,'CHEWPPS SODA 330 ML','5449000046437',50.00,1,0,'2025-06-14 15:23:00',0,100,NULL),(482,'AGUA TONICA 330 ML','5449000046390',50.00,1,0,'2025-06-14 15:23:34',0,100,NULL),(483,'DRY LEMON 330 ML','5449000140760',50.00,1,0,'2025-06-14 15:26:07',0,100,NULL),(484,'SWITCH ELEMENT','6009803982432',65.00,1,0,'2025-06-14 15:27:07',0,100,NULL),(486,'PURITY','6001059949849',50.00,4,0,'2025-06-14 15:32:07',0,100,NULL),(487,'SANTAL 1 LITRO','6001240240922',140.00,1,0,'2025-06-14 15:33:03',0,99,NULL),(488,'DANONE ULTRA MEL','DANONE ULTRA MEL',40.00,4,0,'2025-06-14 15:33:37',0,100,NULL),(489,'DANONE NUTRIDAY ','DANONE NUTRIDAY',25.00,4,0,'2025-06-14 15:34:17',0,100,NULL),(490,'DANOME LONG LIFE','DANONE LONG LIFE',30.00,4,0,'2025-06-14 15:34:48',0,100,NULL),(491,'CERES 200 ML','60012400200148',45.00,1,0,'2025-06-14 15:35:17',0,100,NULL),(492,'HERO NECTAR','5607238025741',40.00,1,0,'2025-06-14 15:36:11',0,100,NULL),(493,'HEINIKEN GRANDE','9504000241124',70.00,1,0,'2025-06-14 15:37:31',0,89,NULL),(494,'SUPER BOOK','56093254',75.00,1,0,'2025-06-14 15:38:57',0,99,NULL),(495,'RED BULL','90162602',100.00,1,0,'2025-06-14 15:40:27',0,99,NULL),(496,'MATEIGA RAMA 250 G','6009710390320',80.00,4,0,'2025-06-14 15:41:13',0,100,NULL),(497,'SWITCH DRY LEMON','6009803982449',65.00,1,0,'2025-06-14 15:42:38',0,100,NULL),(498,'SWITCH ORIGINAL','600980382470',65.00,1,0,'2025-06-14 15:43:23',0,100,NULL),(499,'IMPALA LATA','6009653531323',60.00,1,0,'2025-06-15 14:28:03',0,1,NULL),(500,'STELA ARTOIS','6003326012508',90.00,1,0,'2025-06-15 14:37:15',0,0,NULL),(501,'AMARULA','6001495062508',800.00,1,0,'2025-06-15 14:41:08',0,1,NULL),(502,'GATAO','5601129042114',450.00,1,0,'2025-06-15 14:43:05',0,1,NULL),(503,'CASAL GARCIA','5601096208308',450.00,1,0,'2025-06-15 14:44:08',0,550,NULL),(504,'FOUR COUSINS','6002269000573',400.00,1,0,'2025-06-15 14:46:23',0,1,NULL),(505,'DROSTDY','6001495201501',350.00,1,0,'2025-06-15 14:52:59',0,1,NULL),(506,'PE TINTO','5601989993199',450.00,1,0,'2025-06-15 14:54:44',0,1,NULL),(507,'AUTUM HARVEST','6001452376006',230.00,1,0,'2025-06-15 14:55:33',0,1,NULL),(508,'STRETTONS','6001466008856',550.00,1,0,'2025-06-15 14:56:18',0,1,NULL),(509,'IMPERIAL BLUE','8901522000108',450.00,1,0,'2025-06-15 14:57:19',0,1,NULL),(510,'GORDONS','5000289936651',380.00,1,0,'2025-06-15 14:58:16',0,1,NULL),(512,'SUPER GLUE','4719867213268',15.00,1,0,'2025-06-15 15:01:19',0,1,NULL),(513,'TSUMANI','6934149300810',50.00,4,0,'2025-06-15 15:02:05',0,1,NULL),(514,'MOLAS','6925865489248',30.00,4,0,'2025-06-15 15:03:15',0,1,NULL),(515,'CALDO BENNY SAQUETA','6009633520002',7.00,1,0,'2025-06-15 15:06:16',0,0,NULL),(516,'CIGARO MENTOL','6001060801822',7.00,1,0,'2025-06-15 15:07:07',0,-4,NULL),(518,'SPARLETAT MORANGO','5449000180056',120.00,1,0,'2025-06-15 18:39:39',0,1,NULL),(519,'COPO DE AMENDOIM','COPO DE AMENDOIM',35.00,1,0,'2025-06-15 18:47:28',0,1,NULL),(520,'COPO 20','COPO 20',20.00,1,0,'2025-06-15 18:47:54',0,1,NULL),(521,'FOLHA DE CHA','FOLHA DE CHA',5.00,1,0,'2025-06-15 18:48:14',0,1,NULL),(523,'DOCE DE CAFE','DOCE DE CAFE',2.50,4,0,'2025-06-15 18:52:29',0,1,NULL),(524,'MAYO MIXED','6002004001391',60.00,4,0,'2025-06-15 18:53:10',0,1,NULL),(525,'DANONE ULTRA MANGO','60024077',40.00,4,0,'2025-06-15 18:54:50',0,1,NULL),(528,'NESTLE MILO','6009188007669',190.00,4,0,'2025-06-16 07:21:28',0,1,NULL),(531,'SOUPA','SOUPA',60.00,4,0,'2025-06-16 07:23:13',0,0,NULL),(537,'AZEDINHA','AZEDINHA',2.50,4,0,'2025-06-16 16:10:26',0,1,NULL),(538,'MENTA HALL','MENTA HALL',2.50,4,0,'2025-06-16 16:10:53',0,1,NULL),(539,'LAMINA ','LAMINA',10.00,4,0,'2025-06-16 16:18:17',0,0,NULL),(540,'COCA COLA TXOTI','90357626',30.00,1,0,'2025-06-16 17:15:47',0,0,NULL),(541,'SIMPLES GIN','SIMPLES GIN',30.00,1,0,'2025-06-17 14:16:31',0,1,NULL),(544,'DUPLO GIN','DUPLO GIN',50.00,1,0,'2025-06-17 14:19:02',0,-11,NULL),(545,'DUPLO MACGREGOR','DUPLO MACGREGOR',75.00,1,0,'2025-06-18 19:27:19',0,1,NULL),(546,'SIMPLES MACGREGOR','SIMPLES MACGREGOR',50.00,1,0,'2025-06-18 19:27:46',0,1,NULL),(547,'SIMPLES CAPTAIN MORGAN','SIMPLES CAPTAIN MORGAN',75.00,1,0,'2025-06-18 19:34:09',0,1,NULL),(548,'DUPLO CAPTAIN MORGAN','DUPLO CAPTAIN MORGAN',150.00,1,0,'2025-06-18 19:34:24',0,1,NULL),(549,'SIMPLES AMARULA','SIMPLES AMARULA',80.00,1,0,'2025-06-18 19:34:55',0,1,NULL),(550,'COMPAL MULTIFRUTOS 1L','5601151973110',140.00,1,0,'2025-06-18 19:52:26',0,0,NULL),(551,'CHAMUSSA DE PEIXE','CHAMUSSA DE PEIXE',15.00,1,0,'2025-06-18 20:03:14',0,1,NULL),(552,'CHAMUSSA CARNE','CHAMUSSA CARNE',20.00,1,0,'2025-06-18 20:03:37',0,-3,NULL),(553,'Maga','1212',20.00,4,0,'2025-06-20 14:47:48',0,12,NULL),(555,'Maga','11111111',12.00,1,0,'2025-06-20 14:54:52',0,11,NULL);
/*!40000 ALTER TABLE `produtos` ENABLE KEYS */;
UNLOCK TABLES;

--
-- Table structure for table `produtos_takeaway`
--

DROP TABLE IF EXISTS `produtos_takeaway`;
/*!40101 SET @saved_cs_client     = @@character_set_client */;
/*!40101 SET character_set_client = utf8 */;
CREATE TABLE `produtos_takeaway` (
  `id` int(11) NOT NULL AUTO_INCREMENT,
  `nome` varchar(100) NOT NULL,
  `preco` decimal(10,2) NOT NULL,
  `descricao` text DEFAULT NULL,
  `imagem` varchar(255) DEFAULT NULL,
  `categoria` varchar(50) DEFAULT NULL,
  `criado_em` timestamp NOT NULL DEFAULT current_timestamp(),
  PRIMARY KEY (`id`)
) ENGINE=InnoDB AUTO_INCREMENT=7 DEFAULT CHARSET=utf8mb4 COLLATE=utf8mb4_general_ci;
/*!40101 SET character_set_client = @saved_cs_client */;

--
-- Dumping data for table `produtos_takeaway`
--

LOCK TABLES `produtos_takeaway` WRITE;
/*!40000 ALTER TABLE `produtos_takeaway` DISABLE KEYS */;
INSERT INTO `produtos_takeaway` VALUES (1,'Dose de frango',250.00,NULL,'684a8c8a26505.jpg',NULL,'2025-06-12 08:15:06'),(2,'Dose Batata',60.00,NULL,'684a8f169fa99.jpg',NULL,'2025-06-12 08:25:58'),(3,'Frango Inteiro',800.00,NULL,'684a8f77961ed.jpg',NULL,'2025-06-12 08:27:35');
/*!40000 ALTER TABLE `produtos_takeaway` ENABLE KEYS */;
UNLOCK TABLES;

--
-- Table structure for table `produtos_vendidos`
--

DROP TABLE IF EXISTS `produtos_vendidos`;
/*!40101 SET @saved_cs_client     = @@character_set_client */;
/*!40101 SET character_set_client = utf8 */;
CREATE TABLE `produtos_vendidos` (
  `id` int(11) NOT NULL AUTO_INCREMENT,
  `venda_id` int(11) DEFAULT NULL,
  `produto_id` int(11) NOT NULL,
  `quantidade` int(11) DEFAULT NULL,
  `preco_unitario` decimal(10,2) DEFAULT NULL,
  `codigo_barra` varchar(100) NOT NULL,
  PRIMARY KEY (`id`),
  KEY `venda_id` (`venda_id`),
  KEY `produto_id` (`produto_id`),
  CONSTRAINT `produtos_vendidos_ibfk_1` FOREIGN KEY (`venda_id`) REFERENCES `vendas` (`id`),
  CONSTRAINT `produtos_vendidos_ibfk_2` FOREIGN KEY (`produto_id`) REFERENCES `produtos` (`id`)
) ENGINE=InnoDB AUTO_INCREMENT=326 DEFAULT CHARSET=utf8mb4 COLLATE=utf8mb4_general_ci;
/*!40101 SET character_set_client = @saved_cs_client */;

--
-- Dumping data for table `produtos_vendidos`
--

LOCK TABLES `produtos_vendidos` WRITE;
/*!40000 ALTER TABLE `produtos_vendidos` DISABLE KEYS */;
INSERT INTO `produtos_vendidos` VALUES (2,3,129,6,50.00,'6009802818251'),(3,3,131,2,65.00,'6009653530753'),(4,3,191,2,60.00,'6001299026881'),(5,4,129,2,50.00,'6009802818251'),(6,4,131,1,65.00,'6009653530753'),(7,5,131,1,65.00,'6009653530753'),(8,6,131,1,65.00,'6009653530753'),(9,7,129,1,50.00,'6009802818251'),(10,8,131,1,65.00,'6009653530753'),(11,9,132,1,60.00,'6009653531194'),(12,9,129,1,50.00,'6009802818251'),(13,10,131,1,65.00,'6009653530753'),(14,10,129,1,50.00,'6009802818251'),(15,11,131,1,65.00,'6009653530753'),(16,12,131,2,65.00,'6009653530753'),(17,13,129,1,50.00,'6009802818251'),(18,13,128,1,0.50,'60000'),(19,14,131,3,65.00,'6009653530753'),(20,14,128,1,0.50,'60000'),(21,14,132,1,60.00,'6009653531194'),(22,14,129,2,50.00,'6009802818251'),(23,14,134,1,65.00,'6003326014885'),(24,15,0,1,50.00,'6009802818251'),(25,15,0,1,65.00,'6009653530753'),(26,15,0,1,1500.00,'60000'),(27,16,0,1,50.00,'6009802818251'),(28,17,0,1,65.00,'6009653530753'),(29,17,0,1,60.00,'6001299026881'),(30,17,0,1,1500.00,'60000'),(31,18,0,1,50.00,'6009802818251'),(32,19,191,1,60.00,''),(33,19,129,4,50.00,''),(34,20,129,2,50.00,''),(35,21,129,2,50.00,''),(36,21,191,1,60.00,''),(37,22,131,1,65.00,''),(38,22,129,1,50.00,''),(39,23,191,1,60.00,''),(40,24,128,1,1500.00,''),(41,25,129,2,50.00,''),(42,25,128,1,1500.00,''),(43,26,431,1,250.00,''),(44,27,426,1,75.00,''),(46,30,134,2,65.00,''),(47,31,442,1,120.00,''),(48,32,280,1,35.00,''),(49,32,423,1,85.00,''),(50,32,447,1,170.00,''),(51,33,282,1,30.00,''),(52,33,326,3,5.00,''),(53,34,349,1,15.00,''),(54,34,270,1,5.00,''),(55,34,433,1,40.00,''),(56,34,148,1,60.00,''),(57,34,185,1,5.00,''),(58,34,228,1,80.00,''),(59,34,250,6,10.00,''),(60,34,279,1,120.00,''),(61,35,493,2,70.00,''),(62,35,145,1,90.00,''),(63,36,494,1,75.00,''),(64,36,258,2,90.00,''),(65,36,183,1,65.00,''),(66,37,340,1,140.00,''),(67,38,493,4,70.00,''),(68,39,221,1,25.00,''),(69,40,182,1,50.00,''),(70,41,340,1,140.00,''),(71,41,515,1,7.00,''),(72,41,184,1,60.00,''),(73,41,516,1,7.00,''),(74,41,186,2,5.00,''),(75,41,500,1,90.00,''),(76,42,373,1,120.00,''),(77,43,183,1,50.00,''),(78,44,270,1,5.00,''),(79,44,183,3,50.00,''),(80,45,203,2,60.00,''),(81,46,380,9,3.00,''),(82,47,516,1,7.00,''),(83,48,270,1,5.00,''),(84,49,182,1,50.00,''),(85,50,270,2,5.00,''),(86,51,221,1,25.00,''),(87,52,132,1,60.00,''),(88,52,225,1,120.00,''),(89,52,182,2,50.00,''),(90,53,203,2,60.00,''),(91,54,182,2,50.00,''),(92,55,142,4,90.00,''),(93,55,140,5,90.00,''),(94,55,210,1,100.00,''),(95,55,144,5,85.00,''),(96,56,245,1,5.00,''),(97,57,373,1,120.00,''),(98,58,516,1,7.00,''),(99,59,203,1,60.00,''),(100,60,373,1,120.00,''),(101,60,360,1,75.00,''),(102,61,182,1,50.00,''),(103,61,493,1,70.00,''),(104,62,214,1,25.00,''),(105,63,142,3,90.00,''),(106,64,186,1,5.00,''),(107,65,245,1,5.00,''),(108,66,203,1,60.00,''),(109,66,531,1,60.00,''),(110,67,267,2,65.00,''),(111,67,380,3,3.00,''),(112,68,238,1,85.00,''),(113,69,238,1,85.00,''),(114,70,373,1,120.00,''),(115,71,201,1,60.00,''),(116,72,221,1,25.00,''),(117,72,380,3,3.00,''),(118,73,395,1,90.00,''),(119,73,458,1,140.00,''),(120,73,540,1,30.00,''),(121,74,144,2,85.00,''),(122,75,286,1,20.00,''),(123,76,228,1,70.00,''),(124,76,240,1,100.00,''),(125,77,444,1,60.00,''),(126,78,166,1,75.00,''),(127,78,380,1,3.00,''),(128,78,192,1,270.00,''),(129,79,238,1,85.00,''),(130,80,145,2,80.00,''),(131,81,183,2,50.00,''),(132,82,182,2,50.00,''),(133,83,183,1,50.00,''),(134,84,145,1,80.00,''),(135,85,373,1,120.00,''),(136,85,370,1,35.00,''),(137,85,225,1,120.00,''),(138,86,219,1,140.00,''),(139,87,186,8,5.00,''),(140,88,352,2,5.00,''),(141,89,544,3,50.00,''),(142,89,478,1,80.00,''),(143,89,144,4,85.00,''),(144,89,539,1,10.00,''),(145,89,370,1,40.00,''),(146,89,180,6,50.00,''),(147,89,223,2,80.00,''),(148,89,239,2,65.00,''),(149,89,270,1,5.00,''),(150,90,279,1,120.00,''),(151,90,480,1,65.00,''),(152,90,516,2,7.00,''),(153,90,180,1,50.00,''),(154,90,324,1,85.00,''),(155,91,212,5,15.00,''),(156,92,349,1,15.00,''),(157,93,203,1,60.00,''),(158,94,180,2,50.00,''),(159,95,243,2,2.00,''),(160,96,224,1,15.00,''),(161,97,442,1,120.00,''),(162,98,183,1,50.00,''),(163,99,203,1,60.00,''),(164,100,203,2,60.00,''),(165,101,221,2,25.00,''),(166,102,495,1,100.00,''),(167,103,472,1,50.00,''),(168,104,203,1,60.00,''),(169,105,447,1,170.00,''),(170,106,256,1,500.00,''),(171,107,238,1,85.00,''),(172,108,458,1,140.00,''),(173,109,146,2,65.00,''),(174,110,203,5,60.00,''),(175,111,203,2,60.00,''),(176,111,132,2,60.00,''),(177,112,461,1,100.00,''),(178,113,544,3,50.00,''),(179,114,293,1,10.00,''),(180,115,245,1,5.00,''),(181,116,448,1,100.00,''),(182,117,493,4,70.00,''),(183,117,212,1,15.00,''),(184,118,487,1,140.00,''),(185,118,550,1,140.00,''),(186,119,203,4,60.00,''),(187,119,183,3,50.00,''),(188,120,544,6,50.00,''),(189,121,552,4,20.00,''),(190,122,221,3,25.00,''),(191,123,131,1,55.00,''),(192,123,129,1,50.00,''),(193,124,131,1,55.00,''),(194,124,128,2,1500.00,''),(195,125,191,1,60.00,''),(196,125,128,1,1500.00,''),(197,126,128,2,1500.00,''),(198,127,183,4,50.00,''),(199,127,130,1,55.00,''),(200,127,203,1,60.00,''),(201,128,183,1,50.00,''),(202,128,203,1,60.00,''),(203,129,183,1,50.00,''),(204,129,203,1,60.00,''),(205,130,128,3,1500.00,''),(206,131,128,1,1500.00,''),(207,131,129,1,50.00,''),(208,132,129,4,50.00,''),(209,132,191,1,60.00,''),(210,133,132,1,60.00,''),(211,133,428,1,100.00,''),(212,134,555,1,12.00,''),(213,134,203,21,60.00,''),(214,135,129,2,50.00,''),(215,135,143,1,55.00,''),(216,136,129,1,50.00,''),(217,137,129,1,50.00,''),(218,137,132,1,60.00,''),(219,138,129,2,50.00,''),(220,138,128,1,1500.00,''),(221,139,129,1,50.00,''),(222,139,428,1,100.00,''),(223,140,129,1,50.00,''),(224,140,132,1,60.00,''),(225,141,129,1,50.00,''),(226,141,128,1,1500.00,''),(227,142,129,1,50.00,''),(228,142,128,1,1500.00,''),(229,143,129,1,50.00,''),(230,144,132,1,60.00,''),(231,145,129,1,50.00,''),(232,146,128,1,1500.00,''),(233,147,129,1,50.00,''),(234,148,129,1,50.00,''),(235,148,132,1,60.00,''),(236,149,132,1,60.00,''),(237,150,129,1,50.00,''),(238,151,129,1,50.00,''),(239,152,129,1,50.00,''),(240,152,191,1,60.00,''),(241,153,129,1,50.00,''),(242,153,132,1,60.00,''),(243,153,428,2,100.00,''),(244,154,203,1,60.00,''),(245,154,128,1,1500.00,''),(246,154,191,1,60.00,''),(247,155,129,1,50.00,''),(248,156,129,1,50.00,''),(249,157,129,1,50.00,''),(250,157,203,1,60.00,''),(251,158,129,1,50.00,''),(252,158,132,1,60.00,''),(253,159,129,3,50.00,''),(254,159,132,1,60.00,''),(255,159,203,1,60.00,''),(256,159,191,1,60.00,''),(257,160,129,1,50.00,''),(258,161,129,1,50.00,''),(259,161,132,1,60.00,''),(260,162,128,1,1500.00,''),(261,163,191,2,60.00,''),(262,164,129,1,50.00,''),(263,165,129,1,50.00,''),(264,166,129,1,50.00,''),(265,167,132,1,60.00,''),(266,168,129,1,50.00,''),(267,169,132,1,60.00,''),(268,170,132,1,60.00,''),(269,171,203,1,60.00,''),(270,171,134,1,65.00,''),(271,172,203,1,60.00,''),(272,173,203,1,60.00,''),(273,174,183,1,50.00,''),(274,175,203,1,60.00,''),(275,175,183,1,50.00,''),(276,176,129,1,50.00,''),(277,176,191,1,60.00,''),(278,177,129,1,50.00,''),(279,177,128,1,1500.00,''),(280,178,129,1,50.00,''),(281,179,129,1,50.00,''),(282,180,129,1,50.00,''),(283,181,129,1,50.00,''),(284,182,203,1,60.00,''),(285,183,203,1,60.00,''),(286,184,203,1,60.00,''),(287,185,183,1,50.00,''),(288,186,183,1,50.00,''),(289,187,183,1,50.00,''),(290,188,183,1,50.00,''),(291,189,183,1,50.00,''),(292,190,203,1,60.00,''),(293,191,183,1,50.00,''),(294,192,130,1,55.00,''),(295,193,183,1,50.00,''),(296,193,203,1,60.00,''),(297,194,183,1,50.00,''),(298,194,191,1,60.00,''),(299,194,203,1,60.00,''),(300,195,183,1,50.00,''),(301,195,203,5,60.00,''),(302,196,183,1,50.00,''),(303,197,183,2,50.00,''),(304,197,203,8,60.00,''),(305,198,183,3,50.00,''),(306,199,183,4,50.00,''),(307,200,183,6,50.00,''),(308,201,191,1,60.00,''),(309,202,183,1,50.00,''),(310,203,130,2,55.00,''),(311,204,183,1,50.00,''),(312,205,203,1,60.00,''),(313,206,183,1,50.00,''),(314,207,203,1,60.00,''),(315,208,203,1,60.00,''),(316,209,183,1,50.00,''),(317,210,469,5,30.00,''),(318,211,438,10,50.00,''),(319,212,183,1,50.00,''),(320,213,183,1,50.00,''),(321,214,203,5,60.00,''),(322,215,183,4,50.00,''),(323,216,183,1,50.00,''),(324,216,203,4,60.00,''),(325,217,183,1,50.00,'');
/*!40000 ALTER TABLE `produtos_vendidos` ENABLE KEYS */;
UNLOCK TABLES;

--
-- Table structure for table `produtos_vendidos_takeaway`
--

DROP TABLE IF EXISTS `produtos_vendidos_takeaway`;
/*!40101 SET @saved_cs_client     = @@character_set_client */;
/*!40101 SET character_set_client = utf8 */;
CREATE TABLE `produtos_vendidos_takeaway` (
  `id` int(11) NOT NULL AUTO_INCREMENT,
  `venda_id` int(11) DEFAULT NULL,
  `produto_id` int(11) DEFAULT NULL,
  `nome` varchar(255) DEFAULT NULL,
  `preco` decimal(10,2) DEFAULT NULL,
  `quantidade` int(11) DEFAULT NULL,
  `preco_unitario` decimal(10,2) DEFAULT NULL,
  PRIMARY KEY (`id`),
  KEY `venda_id` (`venda_id`),
  CONSTRAINT `produtos_vendidos_takeaway_ibfk_1` FOREIGN KEY (`venda_id`) REFERENCES `vendas_takeaway` (`id`) ON DELETE CASCADE
) ENGINE=InnoDB AUTO_INCREMENT=12 DEFAULT CHARSET=utf8mb4 COLLATE=utf8mb4_general_ci;
/*!40101 SET character_set_client = @saved_cs_client */;

--
-- Dumping data for table `produtos_vendidos_takeaway`
--

LOCK TABLES `produtos_vendidos_takeaway` WRITE;
/*!40000 ALTER TABLE `produtos_vendidos_takeaway` DISABLE KEYS */;
INSERT INTO `produtos_vendidos_takeaway` VALUES (1,5,1,NULL,NULL,1,250.00),(2,5,2,NULL,NULL,1,60.00),(3,5,3,NULL,NULL,1,750.00),(4,6,1,NULL,NULL,2,250.00),(5,6,2,NULL,NULL,1,60.00),(6,7,1,NULL,NULL,1,250.00),(7,7,2,NULL,NULL,1,60.00),(8,7,3,NULL,NULL,1,750.00),(9,8,1,NULL,NULL,1,250.00),(10,8,2,NULL,NULL,1,60.00),(11,8,3,NULL,NULL,1,750.00);
/*!40000 ALTER TABLE `produtos_vendidos_takeaway` ENABLE KEYS */;
UNLOCK TABLES;

--
-- Table structure for table `usuarios`
--

DROP TABLE IF EXISTS `usuarios`;
/*!40101 SET @saved_cs_client     = @@character_set_client */;
/*!40101 SET character_set_client = utf8 */;
CREATE TABLE `usuarios` (
  `id` int(11) NOT NULL AUTO_INCREMENT,
  `nome` varchar(100) DEFAULT NULL,
  `email` varchar(100) DEFAULT NULL,
  `senha` varchar(255) DEFAULT NULL,
  `nivel` enum('caixa','supervisor','gerente','admin','store','teka_away') NOT NULL,
  `criado_em` timestamp NOT NULL DEFAULT current_timestamp(),
  PRIMARY KEY (`id`),
  UNIQUE KEY `email` (`email`)
) ENGINE=InnoDB AUTO_INCREMENT=27 DEFAULT CHARSET=utf8mb4 COLLATE=utf8mb4_general_ci;
/*!40101 SET character_set_client = @saved_cs_client */;

--
-- Dumping data for table `usuarios`
--

LOCK TABLES `usuarios` WRITE;
/*!40000 ALTER TABLE `usuarios` DISABLE KEYS */;
INSERT INTO `usuarios` VALUES (12,'Breezy Mambo','breezymambo@mambosystem95.com','$2y$10$oDmBac3zZpCHcpuIQX9asugg1NjS/OVt.Wvf3uaqXw0HzSfcPpQZq','admin','2025-05-26 10:07:51'),(15,'Supervisor','supervisor@mambosystem95.com','$2y$10$ti5AwvpujOGPwao7c3PHBu9dE0NWyce9wY4XsRTCjoIqwucXi1FGu','supervisor','2025-05-26 10:12:34'),(17,'gerente','gerente@mambosystem95.com','$2y$10$JnpE69nUMm7UwxmnaLNm4./FYO3Y4ew/SbGRKmEPdm8dotpjIIla.','gerente','2025-05-26 10:13:04'),(19,'Mambo','mambo@mambosystem95.com','$2y$10$cmdoiYG/GZAlrSUChPsqOezsijKuu7fxrhFTwypUuSg6Ilpmvi/gy','caixa','2025-05-26 10:14:07'),(20,'Herminio','herminio@mambosystem95.com','$2y$10$F2On2xMNmPP79dPDxMJNLez98zxaw1rVd8MhAk39jnadwK3skj4na','gerente','2025-06-09 08:14:01'),(21,'chris','chris@mambosystem95.com','$2y$10$lZpK3vnj6ehEbpywZLdc7eNpidQcm86pdo6eRLXjxONzdXuC2WTYG','gerente','2025-06-09 11:27:59'),(22,'Edilson','edilson@mambosystem95.com','$2y$10$FkpzfQvnmsXBR2hXWOxGUOpw8y2PzRD4MR1rMHzAeoTutKw7jwYku','supervisor','2025-06-10 08:03:22'),(26,'Edson Mambo','edsonmambo@mambosystem95.com','$2y$10$2/jMIk5Xj2uWe7tMRxfH6exi06oUYsCAWqT7mCo30kfgkZtJibmKe','teka_away','2025-06-20 15:42:04');
/*!40000 ALTER TABLE `usuarios` ENABLE KEYS */;
UNLOCK TABLES;

--
-- Table structure for table `vale_produtos`
--

DROP TABLE IF EXISTS `vale_produtos`;
/*!40101 SET @saved_cs_client     = @@character_set_client */;
/*!40101 SET character_set_client = utf8 */;
CREATE TABLE `vale_produtos` (
  `id` int(11) NOT NULL AUTO_INCREMENT,
  `vale_id` int(11) NOT NULL,
  `codigo_barra` varchar(100) NOT NULL,
  `quantidade` int(11) NOT NULL,
  PRIMARY KEY (`id`),
  KEY `vale_id` (`vale_id`),
  KEY `codigo_barra` (`codigo_barra`),
  CONSTRAINT `vale_produtos_ibfk_1` FOREIGN KEY (`vale_id`) REFERENCES `vales` (`id`) ON DELETE CASCADE,
  CONSTRAINT `vale_produtos_ibfk_2` FOREIGN KEY (`codigo_barra`) REFERENCES `produtos` (`codigo_barra`) ON DELETE CASCADE
) ENGINE=InnoDB DEFAULT CHARSET=utf8mb4 COLLATE=utf8mb4_general_ci;
/*!40101 SET character_set_client = @saved_cs_client */;

--
-- Dumping data for table `vale_produtos`
--

LOCK TABLES `vale_produtos` WRITE;
/*!40000 ALTER TABLE `vale_produtos` DISABLE KEYS */;
/*!40000 ALTER TABLE `vale_produtos` ENABLE KEYS */;
UNLOCK TABLES;

--
-- Table structure for table `vales`
--

DROP TABLE IF EXISTS `vales`;
/*!40101 SET @saved_cs_client     = @@character_set_client */;
/*!40101 SET character_set_client = utf8 */;
CREATE TABLE `vales` (
  `id` int(11) NOT NULL AUTO_INCREMENT,
  `numero_vale` varchar(50) NOT NULL,
  `cliente_nome` varchar(100) NOT NULL,
  `valor_total` decimal(10,2) NOT NULL,
  `valor_pago` decimal(10,2) DEFAULT 0.00,
  `metodo_pagamento` varchar(50) DEFAULT NULL,
  `numero_pagamento` varchar(50) DEFAULT NULL,
  `data_registro` datetime DEFAULT current_timestamp(),
  `status` enum('aberto','pago','parcelado') DEFAULT 'aberto',
  `observacao` text DEFAULT NULL,
  `usuario_id` int(11) DEFAULT NULL,
  `cliente_id` int(11) DEFAULT NULL,
  `saldo` decimal(10,2) NOT NULL DEFAULT 0.00,
  `cliente_telefone` varchar(20) DEFAULT NULL,
  `data_criacao` datetime NOT NULL DEFAULT current_timestamp(),
  `status_pagamento` varchar(50) DEFAULT 'pendente',
  `numero_transacao` varchar(50) DEFAULT NULL,
  `data_pagamento` datetime DEFAULT NULL,
  PRIMARY KEY (`id`),
  UNIQUE KEY `numero_vale` (`numero_vale`),
  KEY `usuario_id` (`usuario_id`),
  CONSTRAINT `vales_ibfk_1` FOREIGN KEY (`usuario_id`) REFERENCES `usuarios` (`id`)
) ENGINE=InnoDB AUTO_INCREMENT=43 DEFAULT CHARSET=utf8mb4 COLLATE=utf8mb4_general_ci;
/*!40101 SET character_set_client = @saved_cs_client */;

--
-- Dumping data for table `vales`
--

LOCK TABLES `vales` WRITE;
/*!40000 ALTER TABLE `vales` DISABLE KEYS */;
INSERT INTO `vales` VALUES (2,'VALE-2','',300.00,0.00,NULL,NULL,'2025-06-11 13:09:29','aberto',NULL,19,NULL,0.00,NULL,'2025-06-25 01:30:54','pendente',NULL,NULL),(3,'VALE-3','',65.00,0.00,NULL,NULL,'2025-06-11 13:10:50','aberto',NULL,19,NULL,0.00,NULL,'2025-06-25 01:30:54','pendente',NULL,NULL),(4,'VALE-20250623-023949-963','Edson',50.00,200.00,'dinheiro',NULL,'2025-06-23 02:39:49','pago',NULL,NULL,NULL,50.00,'848541787','2025-06-25 01:30:54','pendente','','2025-07-01 15:58:20'),(5,'VALE-20250623-024135-731','Edson',0.00,100.00,NULL,NULL,'2025-06-23 02:41:35','pago',NULL,NULL,NULL,-100.00,'848541787','2025-06-25 01:30:54','pendente',NULL,NULL),(7,'VALE-20250623-024438-235','Edson',50.00,50.00,NULL,NULL,'2025-06-23 02:44:38','pago',NULL,NULL,0,0.00,'848541787','2025-06-25 01:30:54','pendente',NULL,NULL),(8,'VALE-20250624-073828-457','',60.00,60.00,NULL,NULL,'2025-06-24 07:38:28','pago',NULL,NULL,0,0.00,'','2025-06-25 01:30:54','pendente',NULL,NULL),(9,'VALE-20250624-164130-549','',110.00,110.00,NULL,NULL,'2025-06-24 16:41:30','pago',NULL,NULL,0,0.00,'','2025-06-25 01:30:54','pendente',NULL,NULL),(10,'VALE-20250624-164319-382','',60.00,100.00,NULL,NULL,'2025-06-24 16:43:19','pago',NULL,NULL,0,0.00,'','2025-06-25 01:30:54','pendente',NULL,NULL),(11,'VALE-20250625-001205-560','',240.00,240.00,NULL,NULL,'2025-06-25 00:12:05','pago',NULL,NULL,0,0.00,'','2025-06-25 01:30:54','pendente',NULL,NULL),(12,'VALE-20250625-001532-816','',60.00,20.00,NULL,NULL,'2025-06-25 00:15:32','parcelado',NULL,NULL,0,40.00,'','2025-06-25 01:30:54','pendente',NULL,NULL),(13,'VALE-20250625-005706-479','',240.00,0.00,NULL,NULL,'2025-06-25 00:57:06','aberto',NULL,NULL,0,240.00,'','2025-06-25 01:30:54','pendente',NULL,NULL),(14,'VALE-20250625-011028-640','',60.00,20.00,NULL,NULL,'2025-06-25 01:10:28','parcelado',NULL,NULL,0,40.00,'','2025-06-25 01:30:54','pendente',NULL,NULL),(15,'','',120.00,500.00,'dinheiro',NULL,'2025-06-25 01:43:13','pago',NULL,NULL,3,120.00,NULL,'2025-06-25 01:43:13','pago','','2025-07-01 18:34:52'),(16,'7440','Edson Salomao',175.00,500.00,'dinheiro',NULL,'2025-06-27 21:00:32','pago',NULL,NULL,5,175.00,'867705012','2025-06-27 21:00:32','pago','','2025-07-01 15:59:18'),(20,'2825','Edson Salomao',175.00,55.00,'dinheiro',NULL,'2025-06-27 21:18:33','pago',NULL,NULL,5,175.00,'867705012','2025-06-27 21:18:33','pago','','2025-07-01 16:38:15'),(21,'3498','Edson Salomao',175.00,55.00,'dinheiro',NULL,'2025-06-27 21:20:28','pago',NULL,NULL,5,175.00,'867705012','2025-06-27 21:20:28','pendente','','2025-07-01 16:38:03'),(22,'7046','Edson Salomao',175.00,555.00,'dinheiro',NULL,'2025-06-27 21:21:31','pago',NULL,NULL,5,175.00,'867705012','2025-06-27 21:21:31','pago','','2025-07-01 16:37:52'),(23,'7297','Edson Salomao',175.00,500.00,'dinheiro',NULL,'2025-06-27 21:22:03','pago',NULL,NULL,5,175.00,'867705012','2025-06-27 21:22:03','pendente','','2025-07-01 16:37:40'),(24,'9989','Edson Salomao',175.00,500.00,'dinheiro',NULL,'2025-06-27 21:23:09','pago',NULL,NULL,5,175.00,'867705012','2025-06-27 21:23:09','pago','','2025-07-01 15:58:41'),(26,'7736','Edson Salomao',175.00,500.00,'dinheiro',NULL,'2025-06-27 21:29:09','pago',NULL,NULL,5,175.00,'867705012','2025-06-27 21:29:09','pago','','2025-07-01 15:59:00'),(29,'VALE-20250628093312-2720','',0.00,0.00,NULL,NULL,'2025-06-28 09:33:12','aberto',NULL,NULL,5,0.00,NULL,'2025-06-28 09:33:12','pendente',NULL,NULL),(30,'VALE-20250628094148-7518','',0.00,0.00,NULL,NULL,'2025-06-28 09:41:48','aberto',NULL,NULL,5,0.00,NULL,'2025-06-28 09:41:48','pendente',NULL,NULL),(31,'VALE-20250628110827-7428','',0.00,0.00,NULL,NULL,'2025-06-28 11:08:27','aberto',NULL,NULL,3,0.00,NULL,'2025-06-28 11:08:27','pendente',NULL,NULL),(32,'VALE-20250628111149-9783','',0.00,0.00,NULL,NULL,'2025-06-28 11:11:49','aberto',NULL,NULL,3,0.00,NULL,'2025-06-28 11:11:49','pendente',NULL,NULL),(33,'VALE-20250628122523-7103','',0.00,0.00,NULL,NULL,'2025-06-28 12:25:23','aberto',NULL,NULL,5,0.00,NULL,'2025-06-28 12:25:23','pendente',NULL,NULL),(34,'VALE-20250628122602-6694','',0.00,0.00,NULL,NULL,'2025-06-28 12:26:02','aberto',NULL,NULL,3,0.00,NULL,'2025-06-28 12:26:02','pendente',NULL,NULL),(35,'VALE-20250628122927-1725','',0.00,0.00,NULL,NULL,'2025-06-28 12:29:27','aberto',NULL,NULL,3,0.00,NULL,'2025-06-28 12:29:27','pendente',NULL,NULL),(36,'VALE-20250628123432-1558','',0.00,0.00,NULL,NULL,'2025-06-28 12:34:32','aberto',NULL,NULL,5,0.00,NULL,'2025-06-28 12:34:32','pendente',NULL,NULL),(37,'VALE-20250701143359-1874','',0.00,0.00,NULL,NULL,'2025-07-01 14:33:59','aberto',NULL,NULL,3,0.00,NULL,'2025-07-01 14:33:59','pendente',NULL,NULL),(38,'VALE-20250701162008-5733','',0.00,0.00,NULL,NULL,'2025-07-01 16:20:08','aberto',NULL,NULL,6,0.00,NULL,'2025-07-01 16:20:08','pendente',NULL,NULL),(39,'VALE-20250701162605-4858','',110.00,0.00,NULL,NULL,'2025-07-01 16:26:05','aberto',NULL,NULL,5,0.00,NULL,'2025-07-01 16:26:05','pendente',NULL,NULL),(40,'VALE-20250701163046-7394','',300.00,500.00,'dinheiro',NULL,'2025-07-01 16:30:46','pago',NULL,NULL,5,0.00,NULL,'2025-07-01 16:30:46','pago','','2025-07-01 18:34:30'),(41,'VALE-20250701163526-4128','',290.00,0.00,NULL,NULL,'2025-07-01 16:35:26','aberto',NULL,NULL,6,0.00,NULL,'2025-07-01 16:35:26','pago',NULL,NULL),(42,'VALE-20250703185226-9957','',110.00,0.00,NULL,NULL,'2025-07-03 18:52:26','aberto',NULL,NULL,7,0.00,NULL,'2025-07-03 18:52:26','pago',NULL,NULL);
/*!40000 ALTER TABLE `vales` ENABLE KEYS */;
UNLOCK TABLES;

--
-- Table structure for table `vendas`
--

DROP TABLE IF EXISTS `vendas`;
/*!40101 SET @saved_cs_client     = @@character_set_client */;
/*!40101 SET character_set_client = utf8 */;
CREATE TABLE `vendas` (
  `id` int(11) NOT NULL AUTO_INCREMENT,
  `usuario_id` int(11) DEFAULT NULL,
  `cliente_id` int(11) DEFAULT NULL,
  `metodo_pagamento` varchar(20) DEFAULT NULL,
  `data_venda` timestamp NOT NULL DEFAULT current_timestamp(),
  `total` decimal(10,2) DEFAULT NULL,
  `valor_pago` decimal(10,2) NOT NULL,
  `troco` decimal(10,2) NOT NULL,
  `data_hora` datetime NOT NULL DEFAULT current_timestamp(),
  PRIMARY KEY (`id`),
  KEY `usuario_id` (`usuario_id`),
  CONSTRAINT `vendas_ibfk_1` FOREIGN KEY (`usuario_id`) REFERENCES `usuarios` (`id`)
) ENGINE=InnoDB AUTO_INCREMENT=218 DEFAULT CHARSET=utf8mb4 COLLATE=utf8mb4_general_ci;
/*!40101 SET character_set_client = @saved_cs_client */;

--
-- Dumping data for table `vendas`
--

LOCK TABLES `vendas` WRITE;
/*!40000 ALTER TABLE `vendas` DISABLE KEYS */;
INSERT INTO `vendas` VALUES (3,19,NULL,NULL,'2025-06-08 08:31:19',550.00,600.00,50.00,'2025-06-08 10:31:19'),(4,19,NULL,NULL,'2025-06-08 08:43:05',165.00,200.00,35.00,'2025-06-08 10:43:05'),(5,19,NULL,NULL,'2025-06-08 08:44:37',65.00,100.00,35.00,'2025-06-08 10:44:37'),(6,19,NULL,NULL,'2025-06-08 08:45:48',65.00,100.00,35.00,'2025-06-08 10:45:48'),(7,19,NULL,NULL,'2025-06-08 08:52:04',50.00,100.00,50.00,'2025-06-08 10:52:04'),(8,19,NULL,NULL,'2025-06-08 12:11:30',65.00,100.00,35.00,'2025-06-08 14:11:30'),(9,19,NULL,NULL,'2025-06-08 12:21:08',110.00,120.00,10.00,'2025-06-08 14:21:08'),(10,19,NULL,NULL,'2025-06-09 06:56:24',115.00,120.00,5.00,'2025-06-09 08:56:24'),(11,19,NULL,NULL,'2025-06-09 07:07:33',65.00,100.00,35.00,'2025-06-09 09:07:33'),(12,19,NULL,NULL,'2025-06-09 07:13:51',130.00,200.00,70.00,'2025-06-09 09:13:51'),(13,19,NULL,NULL,'2025-06-09 07:35:18',50.50,60.00,9.50,'2025-06-09 09:35:18'),(14,12,NULL,NULL,'2025-06-09 07:59:39',420.50,500.00,79.50,'2025-06-09 09:59:39'),(15,19,NULL,NULL,'2025-06-10 11:39:40',1615.00,1700.00,85.00,'2025-06-10 13:39:40'),(16,19,NULL,NULL,'2025-06-10 11:40:12',50.00,100.00,50.00,'2025-06-10 13:40:12'),(17,19,NULL,NULL,'2025-06-10 11:44:58',1625.00,1700.00,75.00,'2025-06-10 13:44:58'),(18,19,NULL,NULL,'2025-06-10 15:06:39',50.00,100.00,50.00,'2025-06-10 17:06:39'),(19,12,NULL,NULL,'2025-06-11 06:39:57',260.00,300.00,40.00,'2025-06-11 08:39:57'),(20,12,NULL,NULL,'2025-06-11 06:52:50',100.00,200.00,100.00,'2025-06-11 08:52:50'),(21,19,NULL,NULL,'2025-06-12 07:25:54',160.00,200.00,40.00,'2025-06-12 09:25:54'),(22,19,NULL,NULL,'2025-06-12 11:35:23',115.00,200.00,85.00,'2025-06-12 13:35:23'),(23,19,NULL,NULL,'2025-06-12 11:35:50',60.00,100.00,40.00,'2025-06-12 13:35:50'),(24,19,NULL,NULL,'2025-06-12 11:36:08',1500.00,2000.00,500.00,'2025-06-12 13:36:08'),(25,19,NULL,NULL,'2025-06-12 06:54:34',1600.00,2000.00,400.00,'2025-06-12 08:54:34'),(26,19,NULL,NULL,'2025-06-12 20:44:43',250.00,500.00,250.00,'2025-06-12 22:44:43'),(27,19,NULL,NULL,'2025-06-12 20:45:06',75.00,100.00,25.00,'2025-06-12 22:45:06'),(28,NULL,NULL,NULL,'2025-06-14 08:09:55',0.00,0.00,0.00,'2025-06-14 10:09:55'),(30,19,NULL,NULL,'2025-06-15 12:50:51',130.00,130.00,0.00,'2025-06-15 14:50:51'),(31,19,NULL,NULL,'2025-06-15 12:51:21',120.00,120.00,0.00,'2025-06-15 14:51:21'),(32,19,NULL,NULL,'2025-06-15 12:55:51',290.00,290.00,0.00,'2025-06-15 14:55:51'),(33,19,NULL,NULL,'2025-06-15 13:00:57',45.00,45.00,0.00,'2025-06-15 15:00:57'),(34,19,NULL,NULL,'2025-06-15 13:15:07',385.00,385.00,0.00,'2025-06-15 15:15:07'),(35,19,NULL,NULL,'2025-06-15 13:16:24',230.00,230.00,0.00,'2025-06-15 15:16:24'),(36,19,NULL,NULL,'2025-06-15 14:08:04',320.00,320.00,0.00,'2025-06-15 16:08:04'),(37,12,NULL,NULL,'2025-06-15 15:10:47',140.00,200.00,60.00,'2025-06-15 17:10:47'),(38,12,NULL,NULL,'2025-06-15 15:15:28',280.00,400.00,120.00,'2025-06-15 17:15:28'),(39,12,NULL,NULL,'2025-06-15 15:23:07',25.00,25.00,0.00,'2025-06-15 17:23:07'),(40,12,NULL,NULL,'2025-06-15 15:30:30',50.00,100.00,50.00,'2025-06-15 17:30:30'),(41,19,NULL,NULL,'2025-06-15 15:43:04',314.00,314.00,0.00,'2025-06-15 17:43:04'),(42,19,NULL,NULL,'2025-06-15 15:44:33',120.00,120.00,0.00,'2025-06-15 17:44:33'),(43,12,NULL,NULL,'2025-06-15 15:49:15',50.00,100.00,50.00,'2025-06-15 17:49:15'),(44,12,NULL,NULL,'2025-06-15 15:53:33',155.00,155.00,0.00,'2025-06-15 17:53:33'),(45,12,NULL,NULL,'2025-06-15 16:13:08',120.00,120.00,0.00,'2025-06-15 18:13:08'),(46,12,NULL,NULL,'2025-06-15 16:18:01',27.00,27.00,0.00,'2025-06-15 18:18:01'),(47,12,NULL,NULL,'2025-06-15 16:42:01',7.00,7.00,0.00,'2025-06-15 18:42:01'),(48,12,NULL,NULL,'2025-06-15 16:42:23',5.00,10.00,5.00,'2025-06-15 18:42:23'),(49,12,NULL,NULL,'2025-06-15 17:00:35',50.00,50.00,0.00,'2025-06-15 19:00:35'),(50,12,NULL,NULL,'2025-06-15 17:07:59',10.00,10.00,0.00,'2025-06-15 19:07:59'),(51,12,NULL,NULL,'2025-06-15 17:39:31',25.00,25.00,0.00,'2025-06-15 19:39:31'),(52,12,NULL,NULL,'2025-06-15 17:44:22',280.00,280.00,0.00,'2025-06-15 19:44:22'),(53,12,NULL,NULL,'2025-06-15 17:53:52',120.00,120.00,0.00,'2025-06-15 19:53:52'),(54,12,NULL,NULL,'2025-06-15 17:57:30',100.00,100.00,0.00,'2025-06-15 19:57:30'),(55,12,NULL,NULL,'2025-06-15 18:32:39',1335.00,1335.00,0.00,'2025-06-15 20:32:39'),(56,12,NULL,NULL,'2025-06-15 19:00:35',5.00,5.00,0.00,'2025-06-15 21:00:35'),(57,12,NULL,NULL,'2025-06-15 19:00:58',120.00,120.00,0.00,'2025-06-15 21:00:58'),(58,12,NULL,NULL,'2025-06-15 19:18:55',7.00,7.00,0.00,'2025-06-15 21:18:55'),(59,19,NULL,NULL,'2025-06-15 19:31:22',60.00,60.00,0.00,'2025-06-15 21:31:22'),(60,12,NULL,NULL,'2025-06-15 20:03:27',195.00,195.00,0.00,'2025-06-15 22:03:27'),(61,12,NULL,NULL,'2025-06-15 20:04:47',120.00,200.00,80.00,'2025-06-15 22:04:47'),(62,12,NULL,NULL,'2025-06-15 21:15:34',25.00,25.00,0.00,'2025-06-15 23:15:34'),(63,12,NULL,NULL,'2025-06-15 21:27:51',270.00,270.00,0.00,'2025-06-15 23:27:51'),(64,19,NULL,NULL,'2025-06-16 04:35:07',5.00,5.00,0.00,'2025-06-16 06:35:07'),(65,19,NULL,NULL,'2025-06-16 04:36:27',5.00,5.00,0.00,'2025-06-16 06:36:27'),(66,19,NULL,NULL,'2025-06-16 07:23:50',120.00,120.00,0.00,'2025-06-16 09:23:50'),(67,19,NULL,NULL,'2025-06-16 07:37:34',139.00,139.00,0.00,'2025-06-16 09:37:34'),(68,19,NULL,NULL,'2025-06-16 07:50:36',85.00,85.00,0.00,'2025-06-16 09:50:36'),(69,19,NULL,NULL,'2025-06-16 12:48:10',85.00,85.00,0.00,'2025-06-16 14:48:10'),(70,19,NULL,NULL,'2025-06-16 12:49:56',120.00,120.00,0.00,'2025-06-16 14:49:56'),(71,19,NULL,NULL,'2025-06-16 16:54:41',60.00,60.00,0.00,'2025-06-16 18:54:41'),(72,19,NULL,NULL,'2025-06-16 17:05:20',34.00,34.00,0.00,'2025-06-16 19:05:20'),(73,19,NULL,NULL,'2025-06-16 17:16:57',260.00,260.00,0.00,'2025-06-16 19:16:57'),(74,19,NULL,NULL,'2025-06-16 17:20:04',170.00,170.00,0.00,'2025-06-16 19:20:04'),(75,19,NULL,NULL,'2025-06-16 17:29:47',20.00,20.00,0.00,'2025-06-16 19:29:47'),(76,19,NULL,NULL,'2025-06-17 06:17:12',170.00,170.00,0.00,'2025-06-17 08:17:12'),(77,19,NULL,NULL,'2025-06-17 09:06:21',60.00,60.00,0.00,'2025-06-17 11:06:21'),(78,19,NULL,NULL,'2025-06-17 10:48:39',348.00,348.00,0.00,'2025-06-17 12:48:39'),(79,19,NULL,NULL,'2025-06-17 11:32:41',85.00,85.00,0.00,'2025-06-17 13:32:41'),(80,19,NULL,NULL,'2025-06-17 11:35:01',160.00,160.00,0.00,'2025-06-17 13:35:01'),(81,19,NULL,NULL,'2025-06-17 11:37:54',100.00,100.00,0.00,'2025-06-17 13:37:54'),(82,19,NULL,NULL,'2025-06-17 11:47:53',100.00,100.00,0.00,'2025-06-17 13:47:53'),(83,19,NULL,NULL,'2025-06-17 11:49:20',50.00,50.00,0.00,'2025-06-17 13:49:20'),(84,19,NULL,NULL,'2025-06-17 11:50:59',80.00,80.00,0.00,'2025-06-17 13:50:59'),(85,19,NULL,NULL,'2025-06-17 12:59:03',275.00,275.00,0.00,'2025-06-17 14:59:03'),(86,19,NULL,NULL,'2025-06-17 13:03:39',140.00,140.00,0.00,'2025-06-17 15:03:39'),(87,19,NULL,NULL,'2025-06-17 13:06:39',40.00,40.00,0.00,'2025-06-17 15:06:39'),(88,19,NULL,NULL,'2025-06-17 13:34:53',10.00,10.00,0.00,'2025-06-17 15:34:53'),(89,19,NULL,NULL,'2025-06-17 14:39:33',1215.00,1215.00,0.00,'2025-06-17 16:39:33'),(90,19,NULL,NULL,'2025-06-17 14:51:22',334.00,400.00,66.00,'2025-06-17 16:51:22'),(91,19,NULL,NULL,'2025-06-17 14:52:40',75.00,100.00,25.00,'2025-06-17 16:52:40'),(92,19,NULL,NULL,'2025-06-17 15:07:03',15.00,15.00,0.00,'2025-06-17 17:07:03'),(93,19,NULL,NULL,'2025-06-17 15:48:00',60.00,60.00,0.00,'2025-06-17 17:48:00'),(94,19,NULL,NULL,'2025-06-17 15:51:57',100.00,100.00,0.00,'2025-06-17 17:51:57'),(95,19,NULL,NULL,'2025-06-17 15:59:38',4.00,5.00,1.00,'2025-06-17 17:59:38'),(96,19,NULL,NULL,'2025-06-17 16:30:54',15.00,15.00,0.00,'2025-06-17 18:30:54'),(97,19,NULL,NULL,'2025-06-17 16:31:27',120.00,120.00,0.00,'2025-06-17 18:31:27'),(98,19,NULL,NULL,'2025-06-17 16:54:57',50.00,50.00,0.00,'2025-06-17 18:54:57'),(99,19,NULL,NULL,'2025-06-17 16:55:20',60.00,60.00,0.00,'2025-06-17 18:55:20'),(100,19,NULL,NULL,'2025-06-17 17:07:59',120.00,120.00,0.00,'2025-06-17 19:07:59'),(101,19,NULL,NULL,'2025-06-17 17:08:25',50.00,50.00,0.00,'2025-06-17 19:08:25'),(102,19,NULL,NULL,'2025-06-17 17:25:39',100.00,100.00,0.00,'2025-06-17 19:25:39'),(103,19,NULL,NULL,'2025-06-17 19:05:15',50.00,50.00,0.00,'2025-06-17 21:05:15'),(104,19,NULL,NULL,'2025-06-17 20:06:56',60.00,60.00,0.00,'2025-06-17 22:06:56'),(105,19,NULL,NULL,'2025-06-18 10:24:12',170.00,170.00,0.00,'2025-06-18 12:24:12'),(106,19,NULL,NULL,'2025-06-18 10:24:31',500.00,500.00,0.00,'2025-06-18 12:24:31'),(107,19,NULL,NULL,'2025-06-18 10:53:42',85.00,85.00,0.00,'2025-06-18 12:53:42'),(108,19,NULL,NULL,'2025-06-18 10:57:45',140.00,140.00,0.00,'2025-06-18 12:57:45'),(109,12,NULL,NULL,'2025-06-18 19:30:39',130.00,130.00,0.00,'2025-06-18 21:30:39'),(110,12,NULL,NULL,'2025-06-18 19:32:01',300.00,300.00,0.00,'2025-06-18 21:32:01'),(111,12,NULL,NULL,'2025-06-18 19:38:37',240.00,240.00,0.00,'2025-06-18 21:38:37'),(112,12,NULL,NULL,'2025-06-18 19:45:26',100.00,100.00,0.00,'2025-06-18 21:45:26'),(113,12,NULL,NULL,'2025-06-18 19:46:09',150.00,150.00,0.00,'2025-06-18 21:46:09'),(114,12,NULL,NULL,'2025-06-18 19:48:37',10.00,10.00,0.00,'2025-06-18 21:48:37'),(115,12,NULL,NULL,'2025-06-18 19:49:02',5.00,5.00,0.00,'2025-06-18 21:49:02'),(116,12,NULL,NULL,'2025-06-18 19:49:41',100.00,100.00,0.00,'2025-06-18 21:49:41'),(117,12,NULL,NULL,'2025-06-18 19:51:10',295.00,295.00,0.00,'2025-06-18 21:51:10'),(118,12,NULL,NULL,'2025-06-18 19:52:49',280.00,280.00,0.00,'2025-06-18 21:52:49'),(119,12,NULL,NULL,'2025-06-18 19:56:37',390.00,390.00,0.00,'2025-06-18 21:56:37'),(120,12,NULL,NULL,'2025-06-18 20:02:29',300.00,300.00,0.00,'2025-06-18 22:02:29'),(121,12,NULL,NULL,'2025-06-18 20:03:57',80.00,80.00,0.00,'2025-06-18 22:03:57'),(122,12,NULL,NULL,'2025-06-18 20:20:10',75.00,75.00,0.00,'2025-06-18 22:20:10'),(123,19,NULL,NULL,'2025-06-18 22:37:11',105.00,200.00,95.00,'2025-06-19 00:37:11'),(124,19,NULL,NULL,'2025-06-18 22:39:01',3055.00,3055.00,0.00,'2025-06-19 00:39:01'),(125,19,NULL,NULL,'2025-06-18 22:42:55',1560.00,2000.00,440.00,'2025-06-19 00:42:55'),(126,19,NULL,NULL,'2025-06-18 23:12:22',3000.00,3000.00,0.00,'2025-06-19 01:12:22'),(127,19,NULL,'dinheiro','2025-06-20 14:20:39',315.00,500.00,185.00,'2025-06-20 16:20:39'),(128,19,NULL,'mpesa','2025-06-20 14:21:19',110.00,200.00,90.00,'2025-06-20 16:21:19'),(129,19,NULL,'mpesa','2025-06-20 14:26:35',110.00,200.00,90.00,'2025-06-20 16:26:35'),(130,19,NULL,'emola','2025-06-20 14:27:08',4500.00,5000.00,500.00,'2025-06-20 16:27:08'),(131,19,NULL,'dinheiro','2025-06-20 14:28:28',1550.00,2000.00,450.00,'2025-06-20 16:28:28'),(132,19,NULL,'mpesa','2025-06-20 14:34:10',260.00,300.00,40.00,'2025-06-20 16:34:10'),(133,19,NULL,'emola','2025-06-20 14:37:34',160.00,200.00,40.00,'2025-06-20 16:37:34'),(134,19,NULL,'emola','2025-06-20 15:13:19',1272.00,2000.00,728.00,'2025-06-20 17:13:19'),(135,19,NULL,'mpesa','2025-06-20 17:31:51',155.00,200.00,45.00,'2025-06-20 19:31:51'),(136,19,NULL,'emola','2025-06-20 17:34:48',50.00,100.00,50.00,'2025-06-20 19:34:48'),(137,19,NULL,'dinheiro','2025-06-22 17:47:37',110.00,200.00,90.00,'2025-06-22 19:47:37'),(138,19,NULL,'emola','2025-06-22 17:57:15',1600.00,2000.00,400.00,'2025-06-22 19:57:15'),(139,19,NULL,'emola','2025-06-22 19:04:08',150.00,200.00,50.00,'2025-06-22 21:04:08'),(140,19,NULL,'cartao','2025-06-22 19:11:09',110.00,200.00,90.00,'2025-06-22 21:11:09'),(141,19,NULL,'mpesa','2025-06-22 19:17:05',1550.00,2000.00,450.00,'2025-06-22 21:17:05'),(142,19,NULL,'emola','2025-06-22 19:23:33',1550.00,2000.00,450.00,'2025-06-22 21:23:33'),(143,19,NULL,'mpesa','2025-06-22 19:27:57',50.00,100.00,50.00,'2025-06-22 21:27:57'),(144,19,NULL,'emola','2025-06-22 19:31:16',60.00,100.00,40.00,'2025-06-22 21:31:16'),(145,19,NULL,'mpesa','2025-06-22 19:31:41',50.00,100.00,50.00,'2025-06-22 21:31:41'),(146,19,NULL,'mpesa','2025-06-22 19:33:33',1500.00,2000.00,500.00,'2025-06-22 21:33:33'),(147,19,NULL,'dinheiro','2025-06-22 19:34:15',50.00,100.00,50.00,'2025-06-22 21:34:15'),(148,19,NULL,'mpesa','2025-06-22 19:41:29',110.00,200.00,90.00,'2025-06-22 21:41:29'),(149,19,NULL,'mpesa','2025-06-22 19:42:06',60.00,100.00,40.00,'2025-06-22 21:42:06'),(150,19,NULL,'emola','2025-06-22 19:44:05',50.00,200.00,150.00,'2025-06-22 21:44:05'),(151,19,NULL,'mpesa','2025-06-22 19:52:18',50.00,100.00,50.00,'2025-06-22 21:52:18'),(152,19,NULL,'mpesa','2025-06-22 19:56:30',110.00,500.00,390.00,'2025-06-22 21:56:30'),(153,19,NULL,'dinheiro','2025-06-22 20:03:07',310.00,400.00,90.00,'2025-06-22 22:03:07'),(154,19,NULL,'cartao','2025-06-22 20:05:06',1620.00,2000.00,380.00,'2025-06-22 22:05:06'),(155,19,NULL,'mpesa','2025-06-22 20:11:37',50.00,100.00,50.00,'2025-06-22 22:11:37'),(156,19,NULL,'mpesa','2025-06-22 20:15:26',50.00,100.00,50.00,'2025-06-22 22:15:26'),(157,19,NULL,'mpesa','2025-06-22 20:18:44',110.00,200.00,90.00,'2025-06-22 22:18:44'),(158,19,NULL,'dinheiro','2025-06-22 20:20:32',110.00,200.00,90.00,'2025-06-22 22:20:32'),(159,NULL,NULL,'emola','2025-06-22 23:24:55',330.00,500.00,170.00,'2025-06-23 01:24:55'),(160,NULL,NULL,'mpesa','2025-06-22 23:26:27',50.00,100.00,50.00,'2025-06-23 01:26:27'),(161,NULL,NULL,'mpesa','2025-06-22 23:32:36',110.00,200.00,90.00,'2025-06-23 01:32:36'),(162,NULL,NULL,'mpesa','2025-06-22 23:36:39',1500.00,2000.00,500.00,'2025-06-23 01:36:39'),(163,NULL,NULL,'mpesa','2025-06-22 23:37:58',120.00,200.00,80.00,'2025-06-23 01:37:58'),(164,19,NULL,'mpesa','2025-06-22 23:38:56',50.00,60.00,10.00,'2025-06-23 01:38:56'),(165,19,NULL,'mpesa','2025-06-22 23:57:50',50.00,700.00,650.00,'2025-06-23 01:57:50'),(166,19,NULL,'mpesa','2025-06-22 23:59:50',50.00,70.00,20.00,'2025-06-23 01:59:50'),(167,19,NULL,'mpesa','2025-06-23 00:13:34',60.00,100.00,40.00,'2025-06-23 02:13:34'),(168,19,NULL,'mpesa','2025-06-23 00:18:01',50.00,100.00,50.00,'2025-06-23 02:18:01'),(169,19,NULL,'mpesa','2025-06-23 00:28:32',60.00,100.00,40.00,'2025-06-23 02:28:32'),(170,19,NULL,'mpesa','2025-06-23 00:29:23',60.00,100.00,40.00,'2025-06-23 02:29:23'),(171,19,NULL,'mpesa','2025-06-24 14:46:52',125.00,150.00,25.00,'2025-06-24 16:46:52'),(172,19,NULL,'mpesa','2025-06-24 21:59:03',60.00,100.00,40.00,'2025-06-24 23:59:03'),(173,19,NULL,'dinheiro','2025-07-01 12:14:52',60.00,100.00,40.00,'2025-07-01 14:14:52'),(174,19,NULL,'mpesa','2025-07-01 12:16:20',50.00,50.00,0.00,'2025-07-01 14:16:20'),(175,19,NULL,'mpesa','2025-07-01 12:18:42',110.00,200.00,90.00,'2025-07-01 14:18:42'),(176,NULL,NULL,'cartao','2025-07-01 12:20:07',110.00,200.00,90.00,'2025-07-01 14:20:07'),(177,NULL,NULL,'dinheiro','2025-07-01 12:23:19',1550.00,1700.00,150.00,'2025-07-01 14:23:19'),(178,NULL,NULL,'mpesa','2025-07-01 12:23:55',50.00,50.00,0.00,'2025-07-01 14:23:55'),(179,19,NULL,'mpesa','2025-07-01 12:27:16',50.00,50.00,0.00,'2025-07-01 14:27:16'),(180,19,NULL,'mpesa','2025-07-01 12:27:48',50.00,50.00,0.00,'2025-07-01 14:27:48'),(181,19,NULL,'dinheiro','2025-07-01 12:28:42',50.00,50.00,0.00,'2025-07-01 14:28:42'),(182,19,NULL,'cartao','2025-07-03 16:56:03',60.00,60.00,0.00,'2025-07-03 18:56:03'),(183,19,NULL,'dinheiro','2025-07-04 14:20:55',60.00,100.00,40.00,'2025-07-04 16:20:55'),(184,19,NULL,'mpesa','2025-07-04 15:33:17',60.00,500.00,440.00,'2025-07-04 17:33:17'),(185,19,NULL,'dinheiro','2025-07-04 15:38:32',50.00,50.00,0.00,'2025-07-04 17:38:32'),(186,19,NULL,'mpesa','2025-07-04 16:13:12',50.00,50.00,0.00,'2025-07-04 18:13:12'),(187,19,NULL,'dinheiro','2025-07-04 16:56:42',50.00,100.00,50.00,'2025-07-04 18:56:42'),(188,19,NULL,'dinheiro','2025-07-04 17:10:36',50.00,100.00,50.00,'2025-07-04 19:10:36'),(189,19,NULL,'dinheiro','2025-07-04 17:13:33',50.00,200.00,150.00,'2025-07-04 19:13:33'),(190,19,3,'dinheiro','2025-07-04 18:27:28',60.00,500.00,440.00,'2025-07-04 20:27:28'),(191,19,3,'dinheiro','2025-07-05 11:45:27',50.00,200.00,150.00,'2025-07-05 13:45:27'),(192,19,NULL,'dinheiro','2025-07-05 11:57:29',55.00,100.00,45.00,'2025-07-05 13:57:29'),(193,19,5,'dinheiro','2025-07-05 11:58:27',110.00,200.00,90.00,'2025-07-05 13:58:27'),(194,19,5,'dinheiro','2025-07-05 12:04:35',170.00,200.00,30.00,'2025-07-05 14:04:35'),(195,19,4,'dinheiro','2025-07-05 12:07:26',350.00,500.00,150.00,'2025-07-05 14:07:26'),(196,19,3,'dinheiro','2025-07-05 12:08:43',50.00,100.00,50.00,'2025-07-05 14:08:43'),(197,19,3,'dinheiro','2025-07-05 12:30:25',580.00,600.00,20.00,'2025-07-05 14:30:25'),(198,19,3,'dinheiro','2025-07-05 13:22:06',150.00,200.00,50.00,'2025-07-05 15:22:06'),(199,19,3,'dinheiro','2025-07-05 13:26:41',200.00,500.00,300.00,'2025-07-05 15:26:41'),(200,19,3,'dinheiro','2025-07-05 13:52:07',300.00,500.00,200.00,'2025-07-05 15:52:07'),(201,19,3,'dinheiro','2025-07-05 13:58:09',60.00,100.00,40.00,'2025-07-05 15:58:09'),(202,19,5,'dinheiro','2025-07-05 14:00:00',50.00,100.00,50.00,'2025-07-05 16:00:00'),(203,19,3,'dinheiro','2025-07-05 14:05:57',110.00,200.00,90.00,'2025-07-05 16:05:57'),(204,19,3,'dinheiro','2025-07-05 14:12:34',50.00,100.00,50.00,'2025-07-05 16:12:34'),(205,19,3,'dinheiro','2025-07-05 14:14:00',60.00,100.00,40.00,'2025-07-05 16:14:00'),(206,19,3,'dinheiro','2025-07-05 14:15:52',50.00,100.00,50.00,'2025-07-05 16:15:52'),(207,19,3,'dinheiro','2025-07-05 14:22:09',60.00,200.00,140.00,'2025-07-05 16:22:09'),(208,19,3,'dinheiro','2025-07-05 14:28:40',60.00,70.00,10.00,'2025-07-05 16:28:40'),(209,19,3,'mpesa','2025-07-05 15:03:38',50.00,50.00,0.00,'2025-07-05 17:03:38'),(210,19,3,'mpesa','2025-07-05 16:40:14',150.00,200.00,50.00,'2025-07-05 18:40:14'),(211,19,3,'dinheiro','2025-07-05 16:41:51',500.00,1000.00,500.00,'2025-07-05 18:41:51'),(212,19,5,'dinheiro','2025-07-05 16:49:21',50.00,50.00,0.00,'2025-07-05 18:49:21'),(213,19,5,'dinheiro','2025-07-06 07:30:08',50.00,50.00,0.00,'2025-07-06 09:30:08'),(214,NULL,5,'mpesa','2025-07-07 10:04:39',300.00,300.00,0.00,'2025-07-07 12:04:39'),(215,NULL,5,'dinheiro','2025-07-07 10:05:56',200.00,200.00,0.00,'2025-07-07 12:05:56'),(216,19,NULL,'dinheiro','2025-07-07 10:07:14',290.00,300.00,10.00,'2025-07-07 12:07:14'),(217,19,6,'mpesa','2025-07-09 05:39:35',50.00,100.00,50.00,'2025-07-09 07:39:35');
/*!40000 ALTER TABLE `vendas` ENABLE KEYS */;
UNLOCK TABLES;

--
-- Table structure for table `vendas_takeaway`
--

DROP TABLE IF EXISTS `vendas_takeaway`;
/*!40101 SET @saved_cs_client     = @@character_set_client */;
/*!40101 SET character_set_client = utf8 */;
CREATE TABLE `vendas_takeaway` (
  `id` int(11) NOT NULL AUTO_INCREMENT,
  `data_venda` datetime DEFAULT current_timestamp(),
  `total` decimal(10,2) DEFAULT NULL,
  `valor_pago` decimal(10,2) DEFAULT NULL,
  `troco` decimal(10,2) DEFAULT NULL,
  PRIMARY KEY (`id`)
) ENGINE=InnoDB AUTO_INCREMENT=9 DEFAULT CHARSET=utf8mb4 COLLATE=utf8mb4_general_ci;
/*!40101 SET character_set_client = @saved_cs_client */;

--
-- Dumping data for table `vendas_takeaway`
--

LOCK TABLES `vendas_takeaway` WRITE;
/*!40000 ALTER TABLE `vendas_takeaway` DISABLE KEYS */;
INSERT INTO `vendas_takeaway` VALUES (1,'2025-06-14 10:14:20',0.00,NULL,NULL),(2,'2025-06-14 10:14:29',0.00,NULL,NULL),(5,'2025-06-14 11:07:06',1060.00,1500.00,440.00),(6,'2025-06-14 11:25:41',560.00,600.00,40.00),(7,'2025-06-14 11:44:34',1060.00,2000.00,940.00),(8,'2025-06-20 17:54:27',1060.00,2000.00,940.00);
/*!40000 ALTER TABLE `vendas_takeaway` ENABLE KEYS */;
UNLOCK TABLES;

--
-- Table structure for table `vendas_teka_away`
--

DROP TABLE IF EXISTS `vendas_teka_away`;
/*!40101 SET @saved_cs_client     = @@character_set_client */;
/*!40101 SET character_set_client = utf8 */;
CREATE TABLE `vendas_teka_away` (
  `id` int(11) NOT NULL AUTO_INCREMENT,
  `id_usuario` int(11) NOT NULL,
  `data_venda` datetime DEFAULT current_timestamp(),
  `total` decimal(10,2) NOT NULL,
  PRIMARY KEY (`id`)
) ENGINE=InnoDB AUTO_INCREMENT=2 DEFAULT CHARSET=utf8mb4 COLLATE=utf8mb4_general_ci;
/*!40101 SET character_set_client = @saved_cs_client */;

--
-- Dumping data for table `vendas_teka_away`
--

LOCK TABLES `vendas_teka_away` WRITE;
/*!40000 ALTER TABLE `vendas_teka_away` DISABLE KEYS */;
/*!40000 ALTER TABLE `vendas_teka_away` ENABLE KEYS */;
UNLOCK TABLES;

--
-- Table structure for table `vendas_vales`
--

DROP TABLE IF EXISTS `vendas_vales`;
/*!40101 SET @saved_cs_client     = @@character_set_client */;
/*!40101 SET character_set_client = utf8 */;
CREATE TABLE `vendas_vales` (
  `id` int(11) NOT NULL AUTO_INCREMENT,
  `vale_id` int(11) NOT NULL,
  `cliente_id` int(11) DEFAULT NULL,
  `cliente_nome` varchar(100) DEFAULT NULL,
  `cliente_telefone` varchar(20) DEFAULT NULL,
  `valor_total` decimal(10,2) DEFAULT NULL,
  `data_registro` datetime DEFAULT current_timestamp(),
  `status` enum('finalizado') DEFAULT 'finalizado',
  PRIMARY KEY (`id`)
) ENGINE=InnoDB AUTO_INCREMENT=4 DEFAULT CHARSET=utf8mb4 COLLATE=utf8mb4_general_ci;
/*!40101 SET character_set_client = @saved_cs_client */;

--
-- Dumping data for table `vendas_vales`
--

LOCK TABLES `vendas_vales` WRITE;
/*!40000 ALTER TABLE `vendas_vales` DISABLE KEYS */;
INSERT INTO `vendas_vales` VALUES (1,7,NULL,'Edson','848541787',50.00,'2025-06-24 10:04:54','finalizado'),(2,9,NULL,'','',110.00,'2025-06-24 16:42:12','finalizado'),(3,8,NULL,'','',60.00,'2025-06-24 16:42:12','finalizado');
/*!40000 ALTER TABLE `vendas_vales` ENABLE KEYS */;
UNLOCK TABLES;
/*!40103 SET TIME_ZONE=@OLD_TIME_ZONE */;

/*!40101 SET SQL_MODE=@OLD_SQL_MODE */;
/*!40014 SET FOREIGN_KEY_CHECKS=@OLD_FOREIGN_KEY_CHECKS */;
/*!40014 SET UNIQUE_CHECKS=@OLD_UNIQUE_CHECKS */;
/*!40101 SET CHARACTER_SET_CLIENT=@OLD_CHARACTER_SET_CLIENT */;
/*!40101 SET CHARACTER_SET_RESULTS=@OLD_CHARACTER_SET_RESULTS */;
/*!40101 SET COLLATION_CONNECTION=@OLD_COLLATION_CONNECTION */;
/*!40111 SET SQL_NOTES=@OLD_SQL_NOTES */;

-- Dump completed on 2025-07-09  9:02:53
